INTL_20160320_000001	+1 entrada adicional a misiones y mazmorras	인던,미션 1회 추가입장				
INTL_20160320_000002	Contiene varios beneficios especiales para todos tus personajes de este servidor durante 30 días. Haz clic derecho para usarlo.{nl}[Beneficios del Token]{nl} - Permite aprender hasta 2 atributos simultáneamente{nl} - Reduce la comisión del Mercado (30% {img white_right_arrow 16 16} 10%){nl} - Permite publicar hasta 5 objetos en el Mercado{nl} - Aumenta en +3 la velocidad de movimiento del personaje{nl} - +30% de EXP al derrotar monstruos{nl} - Permite usar gestos premium{nl}- Permite realizar hasta 30 intercambios personales{nl}- 1 entrada adicional a misiones y mazmorras{nl}	마우스 우클릭 시 사용되며 서버 내 모든 캐릭터에 사용 시점으로부터 60일간 혜택이 적용됩니다.{nl}[토큰 효과]{nl} - 특성 스킬 2개 동시 수련 가능{nl} - 마켓 판매 수수료율 감소(30%{img white_right_arrow 16 16}10%){nl} - 마켓 판매 등록 아이템 개수 5개{nl} - 캐릭터 이동속도 +3 증가{nl} - 몬스터 처치 시 경험치 +20% 증가{nl}(PC방 혜택, 경험의 서 효과와 중첩 가능){nl} - 프리미엄 제스쳐 사용 가능{nl} - 최대 버프 적용 개수 증가{nl} - 개인 거래 60회 가능{nl} - 인던,미션 추가 1회 입장가능				
INTL_20160320_000003	Contiene varios beneficios especiales para todos tus personajes de este servidor durante 60 días. Haz clic derecho para usarlo.{nl}[Beneficios del Token]{nl} - Permite aprender hasta 2 atributos simultáneamente{nl} - Reduce la comisión del Mercado (30% {img white_right_arrow 16 16} 10%){nl} - Permite publicar hasta 5 objetos en el Mercado{nl} - Aumenta en +3 la velocidad de movimiento del personaje{nl} - +30% de EXP al derrotar monstruos{nl} - Permite usar gestos premium{nl}- Permite realizar hasta 60 intercambios personales{nl}- 1 entrada adicional a misiones y mazmorras{nl}	마우스 우클릭 시 사용되며 서버 내 모든 캐릭터에 사용 시점으로부터 60일간 혜택이 적용됩니다.{nl}[토큰 효과]{nl} - 특성 스킬 2개 동시 수련 가능{nl} - 마켓 판매 수수료율 감소(30%{img white_right_arrow 16 16}10%){nl} - 마켓 판매 등록 아이템 개수 5개{nl} - 캐릭터 이동속도 +3 증가{nl} - 몬스터 처치 시 경험치 +30% 증가{nl}(PC방 혜택, 경험의 서 효과와 중첩 가능){nl} - 프리미엄 제스쳐 사용 가능{nl} - 최대 버프 적용 개수 증가{nl} - 개인 거래 60회 가능{nl} - 인던,미션 추가 1회 입장가능	INTL_20160320_000002	Contains a variety of special benefits for all your characters in this server for 30 days. Right-click to use.{nl}[Token Benefits]{nl} - Able to learn up to 2 attributes simultaneously{nl} - Reduced Market commission fee (30% {img white_right_arrow 16 16} 10%){nl} - Able to list up to 5 items on the Market{nl} - +3 increased character movement speed{nl} - +30% EXP from hunting monsters{nl} - Able to use Premium Gestures{nl}- Able to use Personal Trade up to 30 times{nl}- 1 extra instance entry for missions and dungeons{nl}	마우스 우클릭 시 사용되며 서버 내 모든 캐릭터에 사용 시점으로부터 60일간 혜택이 적용됩니다.{nl}[토큰 효과]{nl} - 특성 스킬 2개 동시 수련 가능{nl} - 마켓 판매 수수료율 감소(30%{img white_right_arrow 16 16}10%){nl} - 마켓 판매 등록 아이템 개수 5개{nl} - 캐릭터 이동속도 +3 증가{nl} - 몬스터 처치 시 경험치 +20% 증가{nl}(PC방 혜택, 경험의 서 효과와 중첩 가능){nl} - 프리미엄 제스쳐 사용 가능{nl} - 최대 버프 적용 개수 증가{nl} - 개인 거래 60회 가능{nl} - 인던,미션 추가 1회 입장가능	
INTL_20160323_000004	 - Permite aprender hasta 2 atributos simultáneamente{nl} - Reduce la comisión del Mercado (30% {img white_right_arrow 16 16} 10%){nl} - Permite publicar hasta 5 objetos en el Mercado{nl} - Aumenta en +3 la velocidad de movimiento del personaje{nl} - Solo permite realizar hasta 30 intercambios{nl	- 특성 스킬 2개 동시 수련 가능{nl} - 마켓 판매 수수료율 감소(30%{img white_right_arrow 16 16}10%){nl} - 마켓 판매 등록 아이템 개수 5개{nl} - 캐릭터 이동속도 +3{nl} - 미션,던전 1회 추가입장{nl} - 최대 버프 적용 개수 증가{nl} - 프리미엄 제스쳐 사용 가능{nl}				
INTL_20160326_000005	Otorga los beneficios del Token a todos tus personajes del servidor durante 60 días. Haz clic derecho para usarlo.{nl}[Beneficios del Token]{nl} - Permite aprender hasta 2 atributos simultáneamente{nl} - Reduce la comisión del Mercado (30% {img white_right_arrow 16 16} 10%){nl} - Permite publicar hasta 5 objetos en el Mercado{nl} - Aumenta en +3 la velocidad de movimiento del personaje{nl} - +30% de EXP al derrotar monstruos{nl}(Se acumula con el efecto del Tomo de EXP){nl} - Permite usar gestos premium{nl} - Aumenta la cantidad máxima de bonificaciones activas{nl} - Permite realizar hasta 60 intercambios personales	마우스 우클릭 시 사용되며 서버 내 모든 캐릭터에 사용 시점으로부터 60일간 혜택이 적용됩니다.{nl}[토큰 효과]{nl} - 특성 스킬 2개 동시 수련 가능{nl} - 마켓 판매 수수료율 감소(30%{img white_right_arrow 16 16}10%){nl} - 마켓 판매 등록 아이템 개수 5개{nl} - 캐릭터 이동속도 +3 증가{nl} - 몬스터 처치 시 경험치 +20% 증가{nl}(PC방 혜택, 경험의 서 효과와 중첩 가능){nl} - 프리미엄 제스쳐 사용 가능{nl} - 최대 버프 적용 개수 증가{nl} - 개인 거래 60회 가능	INTL_20160320_000003	Contains a variety of special benefits for all your characters in this server for 60 days. Right-click to use.{nl}[Token Benefits]{nl} - Able to learn up to 2 attributes simultaneously{nl} - Reduced Market commission fee (30% {img white_right_arrow 16 16} 10%){nl} - Able to list up to 5 items on the Market{nl} - +3 increased character movement speed{nl} - +30% EXP from hunting monsters{nl} - Able to use Premium Gestures{nl}- Able to use Personal Trade up to 60 times{nl}- 1 extra instance entry for missions and dungeons{nl}	마우스 우클릭 시 사용되며 서버 내 모든 캐릭터에 사용 시점으로부터 60일간 혜택이 적용됩니다.{nl}[토큰 효과]{nl} - 특성 스킬 2개 동시 수련 가능{nl} - 마켓 판매 수수료율 감소(30%{img white_right_arrow 16 16}10%){nl} - 마켓 판매 등록 아이템 개수 5개{nl} - 캐릭터 이동속도 +3 증가{nl} - 몬스터 처치 시 경험치 +30% 증가{nl}(PC방 혜택, 경험의 서 효과와 중첩 가능){nl} - 프리미엄 제스쳐 사용 가능{nl} - 최대 버프 적용 개수 증가{nl} - 개인 거래 60회 가능{nl} - 인던,미션 추가 1회 입장가능	
INTL_20160326_000006	Token: 30 días	토큰:30일				
INTL_20160329_000007	Caja de 10 pergaminos de encantamiento	마법 부여 스크롤 10개 상자				
INTL_20160329_000008	Contiene 10 pergaminos de encantamiento. Haz clic derecho para usarla.	사용 시 마법 부여 스크롤 10개를 획득합니다. 마우스 우클릭으로 사용합니다.				
INTL_20160329_000009	Caja de 10 megáfonos	확성기 10개 상자				
INTL_20160329_000010	Contiene 10 megáfonos. Haz clic derecho para usarla.	사용 시 확성기 10개를 획득합니다. 마우스 우클릭으로 사용합니다.				
INTL_20160419_000011	Úsalo para obtener 455 TP.	사용 시 455 TP를 획득합니다.				
INTL_20160419_000012	Úsalo para obtener 266 TP.	사용 시 266 TP를 획득합니다.				
INTL_20160419_000013	Úsalo para obtener 112 TP.	사용 시 112 TP를 획득합니다.				
INTL_20160419_000014	Haz clic derecho para obtener los siguientes objetos:{nl} - 455 TP{nl} - Token (60 días){nl} - Accesorio para el cabello: Muñeco Popolion{nl} - Accesorio para el cabello: Muñeco Hanaming{nl} - Cupón de compañero Hoglan{nl} - Poción de restablecimiento de estadísticas{nl} - Poción de restablecimiento de habilidades{nl}	마우스 우클릭 시 사용되며 구성물을 획득할 수 있습니다.{nl} - 455 TP{nl} - 토큰(60일){nl} - 헤어 악세서리 - 포포리온 인형{nl} - 헤어 악세서리 - 하나밍 인형{nl} - 호글란 컴패니언 교환권{nl} - 스탯초기화 포션{nl} - 스킬 초기화 포션{nl}	ETC_20160320_021185	Right-click to obtain the following items:{nl} - 650 TP{nl} - Token (60 Days){nl} - Hair Accessory - Popolion Doll{nl} - Hair Accessory - Hanaming Doll{nl} - Hoglan Companion Voucher{nl} - Stat Reset Potion{nl} - Skill Reset Potion{nl}	마우스 우클릭 시 사용되며 구성물을 획득할 수 있습니다.{nl} - 650 TP{nl} - 토큰(60일){nl} - 헤어 악세서리 - 포포리온 인형{nl} - 헤어 악세서리 - 하나밍 인형{nl} - 호글란 컴패니언 교환권{nl} - 스탯초기화 포션{nl} - 스킬 초기화 포션{nl}	
INTL_20160419_000015	Haz clic derecho para obtener los siguientes objetos:{nl} - 266 TP{nl} - Token (30 días){nl} - Accesorio para el cabello: Muñeco Popolion{nl}	마우스 우클릭 시 사용되며 구성물을 획득할 수 있습니다.{nl} - 266 TP{nl} - 토큰 (30일){nl} - 헤어 악세서리 - 포포리온 인형{nl}	ETC_20160320_021189	Right-click to obtain the following items:{nl} - 380 TP{nl} - Token (60 Days){nl} - Hair Accessory - Popolion Doll{nl}	마우스 우클릭 시 사용되며 구성물을 획득할 수 있습니다.{nl} - 380 TP{nl} - 토큰 (30일){nl} - 헤어 악세서리 - 포포리온 인형{nl}	
INTL_20160425_000016	Aplica los beneficios del Token a todos tus personajes del servidor durante 60 días. Haz clic derecho para usarlo.{nl}[Beneficios del Token]{nl} - Permite aprender atributos al instante{nl} - Reduce la comisión del Mercado (30% {img white_right_arrow 16 16} 10%){nl} - Permite publicar hasta 5 objetos en el Mercado{nl} - Aumenta en +3 la velocidad de movimiento{nl} - +20% de EXP al derrotar monstruos{nl} - Permite usar gestos premium{nl} - Aumenta la cantidad máxima de bonificaciones activas{nl} - Permite realizar hasta 60 intercambios personales	마우스 우클릭 시 사용되며 서버 내 모든 캐릭터에 사용 시점으로부터 60일간 혜택이 적용됩니다.{nl}[토큰 효과]{nl} - 특성 즉시 수련 가능{nl} - 마켓 판매 수수료율 감소(30%{img white_right_arrow 16 16}10%){nl} - 마켓 판매 등록 아이템 개수 5개{nl} - 캐릭터 이동속도 +3 증가{nl} - 몬스터 처치 시 경험치 +20% 증가{nl}(PC방 혜택, 경험의 서 효과와 중첩 가능){nl} - 프리미엄 제스쳐 사용 가능{nl} - 최대 버프 적용 개수 증가{nl} - 개인 거래 60회 가능	INTL_20160326_000005	Grants Token benefits to all your characters in the server for 60 days. Right-click to use.{nl}[Token Benefits]{nl} - Able to learn up to 2 attributes simultaneously{nl} - Reduced Market commission fee (30% {img white_right_arrow 16 16} 10%){nl} - Able to list up to 5 items on the Market{nl} - +3 increased character movement speed{nl} - +30% EXP from hunting monsters{nl}(Stacks with the EXP Tome effect){nl} - Able to use Premium Gestures{nl} - Increased maximum buff count{nl} - Able to use Personal Trade up to 60 times	마우스 우클릭 시 사용되며 서버 내 모든 캐릭터에 사용 시점으로부터 60일간 혜택이 적용됩니다.{nl}[토큰 효과]{nl} - 특성 스킬 2개 동시 수련 가능{nl} - 마켓 판매 수수료율 감소(30%{img white_right_arrow 16 16}10%){nl} - 마켓 판매 등록 아이템 개수 5개{nl} - 캐릭터 이동속도 +3 증가{nl} - 몬스터 처치 시 경험치 +20% 증가{nl}(PC방 혜택, 경험의 서 효과와 중첩 가능){nl} - 프리미엄 제스쳐 사용 가능{nl} - 최대 버프 적용 개수 증가{nl} - 개인 거래 60회 가능	
INTL_20160425_000017	Aplica los beneficios del Token a todos tus personajes del servidor durante 30 días. Haz clic derecho para usarlo.{nl}[Beneficios del Token]{nl} - Permite aprender atributos al instante{nl} - Reduce la comisión del Mercado (30% {img white_right_arrow 16 16} 10%){nl} - Permite publicar hasta 5 objetos en el Mercado{nl} - Aumenta en +3 la velocidad de movimiento{nl} - +30% de EXP al derrotar monstruos{nl} - Permite usar gestos premium{nl} - Aumenta la cantidad máxima de bonificaciones activas{nl} - Permite realizar hasta 30 intercambios personales{nl} - 1 entrada adicional a misiones y mazmorras	마우스 우클릭 시 사용되며 서버 내 모든 캐릭터에 사용 시점으로부터 30일간 혜택이 적용됩니다.{nl}[토큰 효과]{nl} - 특성 즉시 수련 가능{nl} - 마켓 판매 수수료율 감소(30%{img white_right_arrow 16 16}10%){nl} - 마켓 판매 등록 아이템 개수 5개{nl} - 캐릭터 이동속도 +3 증가{nl} - 몬스터 처치 시 경험치 +30% 증가{nl}(PC방 혜택, 경험의 서 효과와 중첩 가능){nl} - 프리미엄 제스쳐 사용 가능{nl} - 최대 버프 적용 개수 증가{nl} - 개인 거래 30회 가능{nl} - 개인 거래 횟수 30회{nl} - 미션,던전 1회 추가입장	ETC_20160320_021192	Grants Token benefits to all your characters in the server for 30 days. Right-click to use.{nl}[Token Benefits]{nl} - Able to learn up to 2 attributes simultaneously{nl} - Reduced Market commission fee (30% {img white_right_arrow 16 16} 10%){nl} - Able to list up to 5 items on the Market{nl} - +3 increased character movement speed{nl} - +30% EXP from hunting monsters{nl}(Stacks with the EXP Tome effect){nl} - Able to use Premium Gestures{nl} - Increased maximum buff count{nl} - Able to use Personal Trade up to 30 times{nl} - 1 extra instance entry for missions and dungeons	마우스 우클릭 시 사용되며 서버 내 모든 캐릭터에 사용 시점으로부터 30일간 혜택이 적용됩니다.{nl}[토큰 효과]{nl} - 특성 스킬 2개 동시 수련 가능{nl} - 마켓 판매 수수료율 감소(30%{img white_right_arrow 16 16}10%){nl} - 마켓 판매 등록 아이템 개수 5개{nl} - 캐릭터 이동속도 +3 증가{nl} - 몬스터 처치 시 경험치 +30% 증가{nl}(PC방 혜택, 경험의 서 효과와 중첩 가능){nl} - 프리미엄 제스쳐 사용 가능{nl} - 최대 버프 적용 개수 증가{nl} - 개인 거래 30회 가능{nl} - 개인 거래 횟수 30회{nl} - 미션,던전 1회 추가입장	
INTL_20160425_000018	Aplica los beneficios del Token a todos tus personajes del servidor durante 60 días. Haz clic derecho para usarlo.{nl}[Beneficios del Token]{nl} - Permite aprender atributos al instante{nl} - Reduce la comisión del Mercado (30% {img white_right_arrow 16 16} 10%){nl} - Permite publicar hasta 5 objetos en el Mercado{nl} - Aumenta en +3 la velocidad de movimiento{nl} - +30% de EXP al derrotar monstruos{nl} - Permite usar gestos premium{nl} - Aumenta la cantidad máxima de bonificaciones activas{nl} - Permite realizar hasta 60 intercambios personales{nl} - 1 entrada adicional a misiones y mazmorras	마우스 우클릭 시 사용되며 서버 내 모든 캐릭터에 사용 시점으로부터 60일간 혜택이 적용됩니다.{nl}[토큰 효과]{nl} - 특성 스킬 즉시 수련 가능{nl} - 마켓 판매 수수료율 감소(30%{img white_right_arrow 16 16}10%){nl} - 마켓 판매 등록 아이템 개수 5개{nl} - 캐릭터 이동속도 +3 증가{nl} - 몬스터 처치 시 경험치 +30% 증가{nl}(PC방 혜택, 경험의 서 효과와 중첩 가능){nl} - 프리미엄 제스쳐 사용 가능{nl} - 최대 버프 적용 개수 증가{nl} - 개인 거래 60회 가능{nl} - 미션,던전 추가 1회 추가입장	ETC_20160320_021194	Grants Token benefits to all your characters in the server for 30 days. Right-click to use.{nl}[Token Benefits]{nl} - Able to learn up to 2 attributes simultaneously{nl} - Reduced Market commission fee (30% {img white_right_arrow 16 16} 10%){nl} - Able to list up to 5 items on the Market{nl} - +3 increased character movement speed{nl} - +30% EXP from hunting monsters{nl}(Stacks with the EXP Tome effect){nl} - Able to use Premium Gestures{nl} - Increased maximum buff count{nl} - Able to use Personal Trade up to 60 times{nl} - 1 extra instance entry for missions and dungeons	마우스 우클릭 시 사용되며 서버 내 모든 캐릭터에 사용 시점으로부터 60일간 혜택이 적용됩니다.{nl}[토큰 효과]{nl} - 특성 스킬 2개 동시 수련 가능{nl} - 마켓 판매 수수료율 감소(30%{img white_right_arrow 16 16}10%){nl} - 마켓 판매 등록 아이템 개수 5개{nl} - 캐릭터 이동속도 +3 증가{nl} - 몬스터 처치 시 경험치 +30% 증가{nl}(PC방 혜택, 경험의 서 효과와 중첩 가능){nl} - 프리미엄 제스쳐 사용 가능{nl} - 최대 버프 적용 개수 증가{nl} - 개인 거래 60회 가능{nl} - 미션,던전 추가 1회 추가입장	
INTL_20160426_000019	Otorga los beneficios del Token a todos tus personajes del servidor durante 60 días. Haz clic derecho para usarlo.{nl}[Beneficios del Token]{nl} - Permite aprender hasta 2 atributos simultáneamente{nl} - Reduce la comisión del Mercado (30% {img white_right_arrow 16 16} 10%){nl} - Permite publicar hasta 5 objetos en el Mercado{nl} - Aumenta en +3 la velocidad de movimiento del personaje{nl} - +30% de EXP al derrotar monstruos{nl}(Se acumula con el efecto del Tomo de EXP){nl} - Permite usar gestos premium{nl} - Aumenta la cantidad máxima de bonificaciones activas{nl} - Permite realizar hasta 60 intercambios personales{nl}	마우스 우클릭 시 사용되며 서버 내 모든 캐릭터에 사용 시점으로부터 60일간 혜택이 적용됩니다.{nl}[토큰 효과]{nl} - 특성 즉시 수련 가능{nl} - 마켓 판매 수수료율 감소(30%{img white_right_arrow 16 16}10%){nl} - 마켓 판매 등록 아이템 개수 9개{nl} - 캐릭터 이동속도 +3 증가{nl} - 몬스터 처치 시 경험치 +20% 증가{nl}(PC방 혜택, 경험의 서 효과와 중첩 가능){nl} - 프리미엄 제스쳐 사용 가능{nl} - 최대 버프 적용 개수 증가{nl} - 개인 거래 60회 가능	INTL_20160425_000016	Applies Token benefits to all your characters in the server for 60 days. Right-click to use.{nl}[Token Benefits]{nl} - Able to learn attributes instantaneously{nl} - Reduced Market commission fee (30% {img white_right_arrow 16 16} 10%){nl} - Able to list up to 5 items on the Market{nl} - +3 increased character movement{nl} - +20% EXP from hunting monsters{nl} - Able to use Premium Gestures{nl} - Increased maximum buff count{nl} - Able to use Personal Trade up to 60 times	마우스 우클릭 시 사용되며 서버 내 모든 캐릭터에 사용 시점으로부터 60일간 혜택이 적용됩니다.{nl}[토큰 효과]{nl} - 특성 즉시 수련 가능{nl} - 마켓 판매 수수료율 감소(30%{img white_right_arrow 16 16}10%){nl} - 마켓 판매 등록 아이템 개수 5개{nl} - 캐릭터 이동속도 +3 증가{nl} - 몬스터 처치 시 경험치 +20% 증가{nl}(PC방 혜택, 경험의 서 효과와 중첩 가능){nl} - 프리미엄 제스쳐 사용 가능{nl} - 최대 버프 적용 개수 증가{nl} - 개인 거래 60회 가능	
INTL_20160426_000020	Aplica los beneficios del Token a todos tus personajes del servidor durante 30 días. Haz clic derecho para usarlo.{nl}[Beneficios del Token]{nl} - Permite aprender atributos al instante{nl} - Reduce la comisión del Mercado (30% {img white_right_arrow 16 16} 10%){nl} - Permite publicar hasta 10 objetos en el Mercado{nl} - Aumenta en +3 la velocidad de movimiento{nl} - +30% de EXP al derrotar monstruos{nl} - Permite usar gestos premium{nl} - Aumenta la cantidad máxima de bonificaciones activas{nl} - Permite realizar hasta 30 intercambios personales{nl} - 1 entrada adicional a misiones y mazmorras	마우스 우클릭 시 사용되며 서버 내 모든 캐릭터에 사용 시점으로부터 30일간 혜택이 적용됩니다.{nl}[토큰 효과]{nl} - 특성 즉시 수련 가능{nl} - 마켓 판매 수수료율 감소(30%{img white_right_arrow 16 16}10%){nl} - 마켓 판매 등록 아이템 개수 9개{nl} - 캐릭터 이동속도 +3 증가{nl} - 몬스터 처치 시 경험치 +30% 증가{nl}(PC방 혜택, 경험의 서 효과와 중첩 가능){nl} - 프리미엄 제스쳐 사용 가능{nl} - 최대 버프 적용 개수 증가{nl} - 개인 거래 30회 가능{nl} - 개인 거래 횟수 30회{nl} - 미션,던전 1회 추가입장	INTL_20160425_000017	Applies Token benefits to all your characters in the server for 30 days. Right-click to use.{nl}[Token Benefits]{nl} - Able to learn attributes instantaneously{nl} - Reduced Market commission fee (30% {img white_right_arrow 16 16} 10%){nl} - Able to list up to 5 items on the Market{nl} - +3 increased character movement{nl} - +30% EXP from hunting monsters{nl} - Able to use Premium Gestures{nl} - Increased maximum buff count{nl} - Able to use Personal Trade up to 30 times{nl} - 1 extra instance entry for missions and dungeons	마우스 우클릭 시 사용되며 서버 내 모든 캐릭터에 사용 시점으로부터 30일간 혜택이 적용됩니다.{nl}[토큰 효과]{nl} - 특성 즉시 수련 가능{nl} - 마켓 판매 수수료율 감소(30%{img white_right_arrow 16 16}10%){nl} - 마켓 판매 등록 아이템 개수 5개{nl} - 캐릭터 이동속도 +3 증가{nl} - 몬스터 처치 시 경험치 +30% 증가{nl}(PC방 혜택, 경험의 서 효과와 중첩 가능){nl} - 프리미엄 제스쳐 사용 가능{nl} - 최대 버프 적용 개수 증가{nl} - 개인 거래 30회 가능{nl} - 개인 거래 횟수 30회{nl} - 미션,던전 1회 추가입장	
INTL_20160426_000021	Otorga los beneficios del Token a todos tus personajes del servidor durante 60 días. Haz clic derecho para usarlo.{nl}[Beneficios del Token]{nl} - Permite aprender hasta 2 atributos simultáneamente{nl} - Reduce la comisión del Mercado (30% {img white_right_arrow 16 16} 10%){nl} - Permite publicar hasta 10 objetos en el Mercado{nl} - Aumenta en +3 la velocidad de movimiento del personaje{nl} - +30% de EXP al derrotar monstruos{nl}(Se acumula con el efecto del Tomo de EXP){nl} - Permite usar gestos premium{nl} - Aumenta la cantidad máxima de bonificaciones activas{nl} - Permite realizar hasta 60 intercambios personales{nl} - 1 entrada adicional a misiones y mazmorras	마우스 우클릭 시 사용되며 서버 내 모든 캐릭터에 사용 시점으로부터 60일간 혜택이 적용됩니다.{nl}[토큰 효과]{nl} - 특성 스킬 즉시 수련 가능{nl} - 마켓 판매 수수료율 감소(30%{img white_right_arrow 16 16}10%){nl} - 마켓 판매 등록 아이템 개수 9개{nl} - 캐릭터 이동속도 +3 증가{nl} - 몬스터 처치 시 경험치 +30% 증가{nl}(PC방 혜택, 경험의 서 효과와 중첩 가능){nl} - 프리미엄 제스쳐 사용 가능{nl} - 최대 버프 적용 개수 증가{nl} - 개인 거래 60회 가능{nl} - 미션,던전 추가 1회 추가입장	INTL_20160425_000018	Applies Token benefits to all your characters in the server for 60 days. Right-click to use.{nl}[Token Benefits]{nl} - Able to learn attributes instantaneously{nl} - Reduced Market commission fee (30% {img white_right_arrow 16 16} 10%){nl} - Able to list up to 5 items on the Market{nl} - +3 increased character movement{nl} - +30% EXP from hunting monsters{nl} - Able to use Premium Gestures{nl} - Increased maximum buff count{nl} - Able to use Personal Trade up to 60 times{nl} - 1 extra instance entry for missions and dungeons	마우스 우클릭 시 사용되며 서버 내 모든 캐릭터에 사용 시점으로부터 60일간 혜택이 적용됩니다.{nl}[토큰 효과]{nl} - 특성 스킬 즉시 수련 가능{nl} - 마켓 판매 수수료율 감소(30%{img white_right_arrow 16 16}10%){nl} - 마켓 판매 등록 아이템 개수 5개{nl} - 캐릭터 이동속도 +3 증가{nl} - 몬스터 처치 시 경험치 +30% 증가{nl}(PC방 혜택, 경험의 서 효과와 중첩 가능){nl} - 프리미엄 제스쳐 사용 가능{nl} - 최대 버프 적용 개수 증가{nl} - 개인 거래 60회 가능{nl} - 미션,던전 추가 1회 추가입장	
INTL_20160512_000022	Úsalo para obtener los siguientes objetos:{nl} - 190 TP{nl} - Token: 15 días{nl} - 20x Poción de HP y SP altamente concentrada{nl} - 15x Cristal de alma{nl} - 15x Megáfono{nl} - 15x Pergamino de teletransporte{nl}	마우스 우클릭 시 사용되며 구성물을 획득할 수 있습니다.{nl} - 190 TP{nl} - 토큰 - 증정용 (15일){nl} - 고농축 HP/SP포션 20개{nl} - 소울크리스탈 15개{nl} - 확성기 15개{nl} - 워프주문서 15개{nl}				
INTL_20160512_000023	Úsalo para obtener 190 TP.	사용 시 190 TP를 획득합니다.				
INTL_20160512_000024	Úsalo para obtener los siguientes objetos:{nl} - Token: 30 días{nl} - 4x Pergamino de encantamiento{nl} - 5x Cupón de reinicio de mazmorra de instancia{nl}	마우스 우클릭 시 사용되며 구성물을 획득할 수 있습니다.{nl} - 토큰 (30일){nl} - 마법 부여 스크롤 X 4{nl} - 인던 입장 횟수 초기화권 X 5{nl}				
INTL_20160728_000025	Aplica los beneficios del Token a todos tus personajes del servidor durante 30 días. Haz clic derecho para usarlo.{nl}[Beneficios del Token]{nl} - Permite aprender atributos al instante{nl} - Reduce la comisión del Mercado (30% {img white_right_arrow 16 16} 10%){nl} - Permite publicar hasta 10 objetos en el Mercado{nl} - Aumenta en +3 la velocidad de movimiento{nl} - +30% de EXP al derrotar monstruos{nl} - Permite usar gestos premium{nl} - Aumenta la cantidad máxima de bonificaciones activas{nl} - Permite realizar hasta 30 intercambios personales{nl} - 1 entrada adicional a misiones y mazmorras	마우스 우클릭 시 사용되며 서버 내 모든 캐릭터에 사용 시점으로부터 30일간 혜택이 적용됩니다.{nl}[토큰 효과]{nl} - 특성 스킬 2개 동시 수련 가능{nl} - 마켓 판매 수수료율 감소(30%{img white_right_arrow 16 16}10%){nl} - 마켓 판매 등록 아이템 개수 9개{nl} - 캐릭터 이동속도 +3 증가{nl} - 몬스터 처치 시 경험치 +30% 증가{nl}(PC방 혜택, 경험의 서 효과와 중첩 가능){nl} - 프리미엄 제스쳐 사용 가능{nl} - 개인 거래 30회 가능{nl} - 개인 거래 횟수 30회{nl} - 미션,던전 1회 추가입장				
INTL_20160728_000026	Aplica los beneficios del Token a todos tus personajes del servidor durante 60 días. Haz clic derecho para usarlo.{nl}[Beneficios del Token]{nl} - Permite aprender atributos al instante{nl} - Reduce la comisión del Mercado (30% {img white_right_arrow 16 16} 10%){nl} - Permite publicar hasta 10 objetos en el Mercado{nl} - Aumenta en +3 la velocidad de movimiento{nl} - +30% de EXP al derrotar monstruos{nl} - Permite usar gestos premium{nl} - Aumenta la cantidad máxima de bonificaciones activas{nl} - Permite realizar hasta 60 intercambios personales{nl} - 1 entrada adicional a misiones y mazmorras	마우스 우클릭 시 사용되며 서버 내 모든 캐릭터에 사용 시점으로부터 60일간 혜택이 적용됩니다.{nl}[토큰 효과]{nl} - 특성 즉시 수련 가능{nl} - 마켓 판매 수수료율 감소(30%{img white_right_arrow 16 16}10%){nl} - 마켓 판매 등록 아이템 개수 9개{nl} - 캐릭터 이동속도 +3 증가{nl} - 몬스터 처치 시 경험치 +30% 증가{nl}(PC방 혜택, 경험의 서 효과와 중첩 가능){nl} - 프리미엄 제스쳐 사용 가능{nl} - 최대 버프 적용 개수 증가{nl} - 개인 거래 60회 가능{nl} - 미션,던전 1회 추가입장	INTL_20160426_000019	Grants Token benefits to all your characters in the server for 60 days. Right-click to use.{nl}[Token Benefits]{nl} - Able to learn up to 2 attributes simultaneously{nl} - Reduced Market commission fee (30% {img white_right_arrow 16 16} 10%){nl} - Able to list up to 5 items on the Market{nl} - +3 increased character movement speed{nl} - +30% EXP from hunting monsters{nl}(Stacks with the EXP Tome effect){nl} - Able to use Premium Gestures{nl} - Increased maximum buff count{nl} - Able to use Personal Trade up to 60 times{nl}	마우스 우클릭 시 사용되며 서버 내 모든 캐릭터에 사용 시점으로부터 60일간 혜택이 적용됩니다.{nl}[토큰 효과]{nl} - 특성 즉시 수련 가능{nl} - 마켓 판매 수수료율 감소(30%{img white_right_arrow 16 16}10%){nl} - 마켓 판매 등록 아이템 개수 9개{nl} - 캐릭터 이동속도 +3 증가{nl} - 몬스터 처치 시 경험치 +20% 증가{nl}(PC방 혜택, 경험의 서 효과와 중첩 가능){nl} - 프리미엄 제스쳐 사용 가능{nl} - 최대 버프 적용 개수 증가{nl} - 개인 거래 60회 가능	
INTL_20160728_000027	Aplica los beneficios del Token a todos tus personajes del servidor durante 30 días. Haz clic derecho para usarlo.{nl}[Beneficios del Token]{nl} - Permite aprender atributos al instante{nl} - Reduce la comisión del Mercado (30% {img white_right_arrow 16 16} 10%){nl} - Permite publicar hasta 10 objetos en el Mercado{nl} - Aumenta en +3 la velocidad de movimiento{nl} - +30% de EXP al derrotar monstruos{nl} - Permite usar gestos premium{nl} - Aumenta la cantidad máxima de bonificaciones activas{nl} - Permite realizar hasta 30 intercambios personales{nl} - 1 entrada adicional a misiones y mazmorras	마우스 우클릭 시 사용되며 서버 내 모든 캐릭터에 사용 시점으로부터 30일간 혜택이 적용됩니다.{nl}[토큰 효과]{nl} - 특성 즉시 수련 가능{nl} - 마켓 판매 수수료율 감소(30%{img white_right_arrow 16 16}10%){nl} - 마켓 판매 등록 아이템 개수 9개{nl} - 캐릭터 이동속도 +3 증가{nl} - 몬스터 처치 시 경험치 +30% 증가{nl}(PC방 혜택, 경험의 서 효과와 중첩 가능){nl} - 프리미엄 제스쳐 사용 가능{nl} - 최대 버프 적용 개수 증가{nl} - 개인 거래 30회 가능{nl} - 미션,던전 1회 추가입장	INTL_20160426_000020	Applies Token benefits to all your characters in the server for 30 days. Right-click to use.{nl}[Token Benefits]{nl} - Able to learn attributes instantaneously{nl} - Reduced Market commission fee (30% {img white_right_arrow 16 16} 10%){nl} - Able to list up to 10 items on the Market{nl} - +3 increased character movement{nl} - +30% EXP from hunting monsters{nl} - Able to use Premium Gestures{nl} - Increased maximum buff count{nl} - Able to use Personal Trade up to 30 times{nl} - 1 extra instance entry for missions and dungeons	마우스 우클릭 시 사용되며 서버 내 모든 캐릭터에 사용 시점으로부터 30일간 혜택이 적용됩니다.{nl}[토큰 효과]{nl} - 특성 즉시 수련 가능{nl} - 마켓 판매 수수료율 감소(30%{img white_right_arrow 16 16}10%){nl} - 마켓 판매 등록 아이템 개수 9개{nl} - 캐릭터 이동속도 +3 증가{nl} - 몬스터 처치 시 경험치 +30% 증가{nl}(PC방 혜택, 경험의 서 효과와 중첩 가능){nl} - 프리미엄 제스쳐 사용 가능{nl} - 최대 버프 적용 개수 증가{nl} - 개인 거래 30회 가능{nl} - 개인 거래 횟수 30회{nl} - 미션,던전 1회 추가입장	
INTL_20160728_000028	Aplica los beneficios del Token a todos tus personajes del servidor durante 7 días. Haz clic derecho para usarlo.{nl}[Beneficios del Token]{nl} - Permite aprender atributos al instante{nl} - Reduce la comisión del Mercado (30% {img white_right_arrow 16 16} 10%){nl} - Permite publicar hasta 10 objetos en el Mercado{nl} - Aumenta en +3 la velocidad de movimiento{nl} - +30% de EXP al derrotar monstruos{nl} - Permite usar gestos premium{nl} - Aumenta la cantidad máxima de bonificaciones activas{nl} - 1 entrada adicional a misiones y mazmorras	마우스 우클릭 시 사용되며 서버 내 모든 캐릭터에 사용 시점으로부터 7일간 혜택이 적용됩니다.{nl}[토큰 효과]{nl} - 특성 즉시 수련 가능{nl} - 마켓 판매 수수료율 감소(30%{img white_right_arrow 16 16}10%){nl} - 마켓 판매 등록 아이템 개수 9개{nl} - 캐릭터 이동속도 +3 증가{nl} - 몬스터 처치 시 경험치 +30% 증가{nl}(PC방 혜택, 경험의 서 효과와 중첩 가능){nl} - 프리미엄 제스쳐 사용 가능{nl} - 최대 버프 적용 개수 증가{nl} - 미션,던전 1회 추가입장				
INTL_20161107_000029	Haz clic derecho para obtener los siguientes objetos:{nl} - 150x Poción de HP altamente enriquecida {nl} - 150x Poción de SP altamente enriquecida {nl} - 20x Empanadilla de miel {nl} - 20x Poción de apoyo para asentamientos{nl} - 10x Cupón de completar instancia {img star_mark 20 20}{nl} - 20x Cristal de alma{nl} - 30x Pergamino de teletransporte {nl} - 10x Pergamino de encantamiento{nl} - 1x Poción de restablecimiento de habilidades{nl} - 1x Poción de restablecimiento de estadísticas	마우스 우클릭 시 사용되며 구성물을 획득할 수 있습니다.{nl} - 고농축 HP포션 150개{nl} - 고농축 SP포션 150개{nl} - 대왕꿀송편 20개{nl}- 정착지원 포션 20개{nl}- 인스턴스 던전 소탕권 [★] 10개{nl}- 소울 크리스탈 20개{nl}- 워프주문서 30개{nl}- 마부스크롤 10개{nl}- 스킬 초기화 포션 1개{nl}- 스탯 초기화 포션 1개				
INTL_20161114_000030	Retraso en el pago de la plata de las ventas del Mercado: 24 horas.	마켓 판매 실버대금 딜레이 24시간.				
INTL_20161114_000031	Retraso en el pago de la plata de las ventas con Token: 1 hora.	토큰전용 판매실버대금 1시간.				
INTL_20161114_000032	Retraso en el pago de la plata de las ventas con Token: 24 horas.	토큰전용 판매실버대금 24시간.	INTL_20161114_000031	Sales silver payment delay with Token: 1 hour.	토큰전용 판매실버대금 1시간.	
INTL_20161121_000033	Haz clic derecho para obtener los siguientes objetos:{nl} - 100x Poción de HP altamente concentrada {nl} - 100x Poción de SP altamente concentrada {nl} - 10x Empanadilla de miel {nl} - 10x Poción de apoyo para asentamientos{nl} - 5x Cupón de completar instancia {img star_mark 20 20}{nl} - 1x Poción de restablecimiento de habilidades{nl} - 1x Poción de restablecimiento de estadísticas	마우스 우클릭 시 사용되며 구성물을 획득할 수 있습니다.{nl} - 고농축 HP포션 100개{nl} - 고농축 SP포션 100개{nl} - 대왕꿀송편 10개{nl}- 정착지원 포션 10개{nl}- 인스턴스 던전 소탕권 [★] 5개{nl}- 스킬 초기화 포션 1개{nl}- 스탯 초기화 포션 1개	INTL_20161107_000029	Right-click to obtain the following items:{nl} - 150x Highly Enriched HP Potion {nl} -  150x Highly Enriched SP Potion {nl}- 20x Honey Dumpling {nl}- 20x Settlement Support Potion{nl}- 10x Instance Clear Voucher {img star_mark 20 20}{nl}- 20x Soul Crystal{nl} - 30x Warp Scroll {nl}- 10x Enchant Scroll{nl} - 1x Skill Reset Potion{nl}- 1x Stat Reset Potion	마우스 우클릭 시 사용되며 구성물을 획득할 수 있습니다.{nl} - 고농축 HP포션 150개{nl} - 고농축 SP포션 150개{nl} - 대왕꿀송편 20개{nl}- 정착지원 포션 20개{nl}- 인스턴스 던전 소탕권 [★] 10개{nl}- 소울 크리스탈 20개{nl}- 워프주문서 30개{nl}- 마부스크롤 10개{nl}- 스킬 초기화 포션 1개{nl}- 스탯 초기화 포션 1개	
INTL_20161214_000034	Los usuarios de Token no se ven afectados.	토큰 사용자는 상/하안가에 영향을 받지 않는다.				
INTL_20161214_000035	¿El Token podrá intercambiarse después de venderlo en el Mercado? (1: intercambiable, 0: no intercambiable)	토큰은 마켓에서 거래한 이후에도 계속 거래 가능하게 할 것인가?(1:거래가능, 0:거래불가)				
INTL_20170510_000036	Haz clic derecho para obtener los siguientes objetos:{nl} - Token: 7 días [Evento]{nl} - Pergamino de encantamiento (14 días) x10{nl} - Gesto Plus: Popolion{nl} - Caja de disfraz sencillo{nl} - Abanico imperial (30 días){nl} - Boina roja{nl} - Tinte salmón claro{nl} - Lentes de contacto carmesí{nl} - Poción de apoyo para asentamientos de nivel 2 x10{nl} - Poción de restauración de Keista de nivel 2 x20	마우스 우클릭 시 사용되며 구성물을 획득할 수 있습니다.{nl} - 토큰:7일[증정용]{nl} - 마법 부여 스크롤(14일) 10개{nl} - 이모티콘 플러스 패키지 : 포포리온{nl}- 심플 코스튬 상자{nl}- 파초선(30일){nl} - 붉은 베레모{nl} - 라이트 살몬 염색약{nl} - 크림슨 렌즈{nl} - 정착 지원 포션 Lv2 10개{nl} - 케이스타스 회복포션Lv2 20개				
INTL_20170605_000037	Una corona creada en nombre de una reina sin nombre.{nl} Se puede intercambiar por medallas en la Tienda de intercambio.	이름없는 여왕을 위해서 제작된 왕관입니다.{nl} 리사이클샵에서 메달로 교환 가능합니다.				
INTL_20170605_000038	Una herramienta hecha de un material largo y elástico que, al aplicar fuerza, genera potencia al girar.{nl} Se puede intercambiar por medallas en la Tienda de intercambio.	축을 중심으로 돌려서 길다란 고탄성 소재를 감은뒤 그것이 돌아가는 힘을 이용해 동력을 만들어내는 장치입니다.{nl}리사이클샵에서 메달로 교환 가능합니다.				
INTL_20170605_000039	Una herramienta utilizada para hornear pan rápidamente.{nl} Se puede intercambiar por medallas en la Tienda de intercambio.	쉽게 빠르게 빵을 굽는 도구입니다.{nl} 리사이클샵에서 메달로 교환 가능합니다.				
INTL_20170605_000040	La forma más avanzada de transmitir información.{nl} Se puede intercambiar por medallas en la Tienda de intercambio.	정보를 전달하는 이 세계의 최신 기술입니다.{nl} 리사이클샵에서 메달로 교환 가능합니다.				
INTL_20170703_000041	¡Sí, es posible girar la cabeza unos 270 grados!{nl}Se puede intercambiar por medallas en la Tienda de intercambio.	고개를 약 270도 까지 돌리는 것이 가능합니다.{nl} 리사이클샵에서 메달로 교환 가능합니다.				
INTL_20170703_000042	Una pequeña figura tallada por un Dievdirbys.{nl}Se puede intercambiar por medallas en la Tienda de intercambio.	딥디르비가 만든 착용 가능한 세계수 조각 머리 장식입니다.{nl} 리사이클샵에서 메달로 교환 가능합니다.				
INTL_20170728_000043	¡¡¡SPARTAAAAA!!!{nl}Se puede intercambiar por medallas en la Tienda de intercambio.	스파르타!!!!!{nl} 리사이클샵에서 메달로 교환 가능합니다.				
INTL_20170925_000044	Aplica los beneficios del Token a todos tus personajes del servidor durante 30 días. Haz clic derecho para usarlo.{nl}[Beneficios del Token]{nl} - Permite aprender atributos al instante{nl} - Reduce la comisión del Mercado (30% {img white_right_arrow 16 16} 10%){nl} - Permite publicar hasta 5 objetos en el Mercado{nl} - Aumenta en +3 la velocidad de movimiento{nl} - +30% de EXP al derrotar monstruos{nl} - Permite usar gestos premium{nl} - Aumenta la cantidad máxima de bonificaciones activas{nl} - Permite realizar hasta 30 intercambios personales{nl} - 1 entrada adicional a misiones y mazmorras	마우스 우클릭 시 사용되며 서버 내 모든 캐릭터에 사용 시점으로부터 30일간 혜택이 적용됩니다.{nl}[토큰 효과]{nl} - 특성 스킬 2개 동시 수련 가능{nl} - 마켓 판매 수수료율 감소(30%{img white_right_arrow 16 16}10%){nl} - 마켓 판매 등록 아이템 개수 9개{nl} - 캐릭터 이동속도 +3 증가{nl} - 몬스터 처치 시 경험치 +30% 증가{nl}(PC방 혜택, 경험의 서 효과와 중첩 가능){nl} - 프리미엄 제스쳐 사용 가능{nl} - 개인 거래 30회 가능{nl} - 미션,던전 1회 추가입장{nl} - 살러스 수녀원 미션 완료 보상 +1	INTL_20160728_000025	Applies Token benefits to all your characters in the server for 30 days. Right-click to use.{nl}[Token Benefits]{nl} - Able to learn attributes instantaneously{nl} - Reduced Market commission fee (30% {img white_right_arrow 16 16} 10%){nl} - Able to list up to 10 items on the Market{nl} - +3 increased character movement{nl} - +30% EXP from hunting monsters{nl} - Able to use Premium Gestures{nl} - Increased maximum buff count{nl} - Able to use Personal Trade up to 30 times{nl} - 1 extra instance entry for missions and dungeons	마우스 우클릭 시 사용되며 서버 내 모든 캐릭터에 사용 시점으로부터 30일간 혜택이 적용됩니다.{nl}[토큰 효과]{nl} - 특성 스킬 2개 동시 수련 가능{nl} - 마켓 판매 수수료율 감소(30%{img white_right_arrow 16 16}10%){nl} - 마켓 판매 등록 아이템 개수 9개{nl} - 캐릭터 이동속도 +3 증가{nl} - 몬스터 처치 시 경험치 +30% 증가{nl}(PC방 혜택, 경험의 서 효과와 중첩 가능){nl} - 프리미엄 제스쳐 사용 가능{nl} - 개인 거래 30회 가능{nl} - 개인 거래 횟수 30회{nl} - 미션,던전 1회 추가입장	
INTL_20170925_000045	Aplica los beneficios del Token a todos tus personajes del servidor durante 30 días. Haz clic derecho para usarlo.{nl}[Beneficios del Token]{nl} - Permite aprender atributos al instante{nl} - Reduce la comisión del Mercado (30% {img white_right_arrow 16 16} 10%){nl} - Permite publicar hasta 5 objetos en el Mercado{nl} - Aumenta en +3 la velocidad de movimiento{nl} - +30% de EXP al derrotar monstruos{nl} - Permite usar gestos premium{nl} - Aumenta la cantidad máxima de bonificaciones activas{nl} - Permite realizar hasta 30 intercambios personales{nl} - 1 entrada adicional a misiones y mazmorras	마우스 우클릭 시 사용되며 서버 내 모든 캐릭터에 사용 시점으로부터 30일간 혜택이 적용됩니다.{nl}[토큰 효과]{nl} - 특성 즉시 수련 가능{nl} - 마켓 판매 수수료율 감소(30%{img white_right_arrow 16 16}10%){nl} - 마켓 판매 등록 아이템 개수 9개{nl} - 캐릭터 이동속도 +3 증가{nl} - 몬스터 처치 시 경험치 +30% 증가{nl}(PC방 혜택, 경험의 서 효과와 중첩 가능){nl} - 프리미엄 제스쳐 사용 가능{nl} - 최대 버프 적용 개수 증가{nl} - 개인 거래 30회 가능{nl} - 미션,던전 1회 추가입장{nl} - 살러스 수녀원 미션 완료 보상 +1	INTL_20160728_000027	Applies Token benefits to all your characters in the server for 30 days. Right-click to use.{nl}[Token Benefits]{nl} - Able to learn attributes instantaneously{nl} - Reduced Market commission fee (30% {img white_right_arrow 16 16} 10%){nl} - Able to list up to 10 items on the Market{nl} - +3 increased character movement{nl} - +30% EXP from hunting monsters{nl} - Able to use Premium Gestures{nl} - Increased maximum buff count{nl} - Able to use Personal Trade up to 30 times{nl} - 1 extra instance entry for missions and dungeons	마우스 우클릭 시 사용되며 서버 내 모든 캐릭터에 사용 시점으로부터 30일간 혜택이 적용됩니다.{nl}[토큰 효과]{nl} - 특성 즉시 수련 가능{nl} - 마켓 판매 수수료율 감소(30%{img white_right_arrow 16 16}10%){nl} - 마켓 판매 등록 아이템 개수 9개{nl} - 캐릭터 이동속도 +3 증가{nl} - 몬스터 처치 시 경험치 +30% 증가{nl}(PC방 혜택, 경험의 서 효과와 중첩 가능){nl} - 프리미엄 제스쳐 사용 가능{nl} - 최대 버프 적용 개수 증가{nl} - 개인 거래 30회 가능{nl} - 미션,던전 1회 추가입장	
INTL_20170925_000046	Otorga los beneficios del Token a todos tus personajes del servidor durante 60 días. Haz clic derecho para usarlo.{nl}[Beneficios del Token]{nl} - Permite aprender hasta 2 atributos simultáneamente{nl} - Reduce la comisión del Mercado (30% {img white_right_arrow 16 16} 10%){nl} - Permite publicar hasta 5 objetos en el Mercado{nl} - Aumenta en +3 la velocidad de movimiento del personaje{nl} - +30% de EXP al derrotar monstruos{nl} - Permite usar gestos premium{nl} - Aumenta la cantidad máxima de bonificaciones activas{nl} - Permite realizar hasta 60 intercambios personales{nl}{nl}	마우스 우클릭 시 사용되며 서버 내 모든 캐릭터에 사용 시점으로부터 60일간 혜택이 적용됩니다.{nl}[토큰 효과]{nl} - 특성 스킬 즉시 수련 가능{nl} - 마켓 판매 수수료율 감소(30%{img white_right_arrow 16 16}10%){nl} - 마켓 판매 등록 아이템 개수 9개{nl} - 캐릭터 이동속도 +3 증가{nl} - 몬스터 처치 시 경험치 +30% 증가{nl}(PC방 혜택, 경험의 서 효과와 중첩 가능){nl} - 프리미엄 제스쳐 사용 가능{nl} - 최대 버프 적용 개수 증가{nl} - 개인 거래 60회 가능{nl} - 미션,던전 추가 1회 추가입장{nl} - 살러스 수녀원 미션 완료 보상 +1	INTL_20160426_000021	Grants Token benefits to all your characters in the server for 60 days. Right-click to use.{nl}[Token Benefits]{nl} - Able to learn up to 2 attributes simultaneously{nl} - Reduced Market commission fee (30% {img white_right_arrow 16 16} 10%){nl} - Able to list up to 10 items on the Market{nl} - +3 increased character movement speed{nl} - +30% EXP from hunting monsters{nl}(Stacks with the EXP Tome effect){nl} - Able to use Premium Gestures{nl} - Increased maximum buff count{nl} - Able to use Personal Trade up to 60 times{nl} - 1 extra instance entry for missions and dungeons	마우스 우클릭 시 사용되며 서버 내 모든 캐릭터에 사용 시점으로부터 60일간 혜택이 적용됩니다.{nl}[토큰 효과]{nl} - 특성 스킬 즉시 수련 가능{nl} - 마켓 판매 수수료율 감소(30%{img white_right_arrow 16 16}10%){nl} - 마켓 판매 등록 아이템 개수 9개{nl} - 캐릭터 이동속도 +3 증가{nl} - 몬스터 처치 시 경험치 +30% 증가{nl}(PC방 혜택, 경험의 서 효과와 중첩 가능){nl} - 프리미엄 제스쳐 사용 가능{nl} - 최대 버프 적용 개수 증가{nl} - 개인 거래 60회 가능{nl} - 미션,던전 추가 1회 추가입장	
INTL_20170925_000047	Aplica los beneficios del Token a todos tus personajes del servidor durante 7 días. Haz clic derecho para usarlo.{nl}[Beneficios del Token]{nl} - Permite aprender atributos al instante{nl} - Reduce la comisión del Mercado (30% {img white_right_arrow 16 16} 10%){nl} - Permite publicar hasta 5 objetos en el Mercado{nl} - Aumenta en +3 la velocidad de movimiento{nl} - +30% de EXP al derrotar monstruos{nl} - Permite usar gestos premium{nl} - Aumenta la cantidad máxima de bonificaciones activas{nl} - 1 entrada adicional a misiones y mazmorras	마우스 우클릭 시 사용되며 서버 내 모든 캐릭터에 사용 시점으로부터 7일간 혜택이 적용됩니다.{nl}[토큰 효과]{nl} - 특성 즉시 수련 가능{nl} - 마켓 판매 수수료율 감소(30%{img white_right_arrow 16 16}10%){nl} - 마켓 판매 등록 아이템 개수 9개{nl} - 캐릭터 이동속도 +3 증가{nl} - 몬스터 처치 시 경험치 +30% 증가{nl}(PC방 혜택, 경험의 서 효과와 중첩 가능){nl} - 프리미엄 제스쳐 사용 가능{nl} - 최대 버프 적용 개수 증가{nl} - 미션,던전 1회 추가입장{nl} - 살러스 수녀원 미션 완료 보상 +1	INTL_20160728_000028	Applies Token benefits to all your characters in the server for 7 days. Right-click to use.{nl}[Token Benefits]{nl} - Able to learn attributes instantaneously{nl} - Reduced Market commission fee (30% {img white_right_arrow 16 16} 10%){nl} - Able to list up to 10 items on the Market{nl} - +3 increased character movement{nl} - +30% EXP from hunting monsters{nl} - Able to use Premium Gestures{nl} - Increased maximum buff count{nl} - 1 extra instance entry for missions and dungeons	마우스 우클릭 시 사용되며 서버 내 모든 캐릭터에 사용 시점으로부터 7일간 혜택이 적용됩니다.{nl}[토큰 효과]{nl} - 특성 즉시 수련 가능{nl} - 마켓 판매 수수료율 감소(30%{img white_right_arrow 16 16}10%){nl} - 마켓 판매 등록 아이템 개수 9개{nl} - 캐릭터 이동속도 +3 증가{nl} - 몬스터 처치 시 경험치 +30% 증가{nl}(PC방 혜택, 경험의 서 효과와 중첩 가능){nl} - 프리미엄 제스쳐 사용 가능{nl} - 최대 버프 적용 개수 증가{nl} - 미션,던전 1회 추가입장	
INTL_20171013_000048	Pergamino de transformación especial	특별한 변신 스크롤				
INTL_20171013_000049	Un pergamino que permite al usuario transformarse.	변신하는 스크롤입니다.				
INTL_20171013_000050	Úsalo para elegir un arma de nivel 315.	315제 무기 장비를 선택할 수 있습니다.				
INTL_20171023_000051	Haz clic derecho para obtener los siguientes objetos.{nl}- Globo de cachorro x1{nl}- Yunque de diamante x1{nl}- Yunque dorado x3{nl}- Yunque de plata x3{nl}- Cupón de mejora: 100,000 de plata x10{nl}- Puntos de atributo: 1,000 x1{nl}- Poción de HP altamente concentrada x20{nl}- Poción de SP altamente concentrada x20{nl}- Poción de apoyo para asentamientos de nivel 2 x10{nl}- Estatua de la Diosa x5{nl}- Poción de velocidad de movimiento altamente concentrada x5	마우스 우클릭 시 사용되며 구성물을 획득할 수 있습니다.{nl} - 강아지 풍선{nl} - 다이아몬드 모루{nl} - 황금 모루 3개{nl}- 은빛 모루 3개{nl}- 강화 실버 할인 쿠폰 : 10만 실버 10개{nl} - 특성 포인트 1,000{nl} - 고농축 HP포션 20개{nl} - 고농축 SP포션 20개{nl} - 정착 지원 포션 Lv2 10개{nl} - 여신의 조각상 5개{nl} - 고농축 이동속도 증가 포션 5개				
INTL_20171103_000052	Cubo de muñeca maldita	생존 보상 큐브				
INTL_20171205_000053	 - Permite aprender atributos al instante{nl} - Reduce la comisión del Mercado (30% {img white_right_arrow 16 16} 10%){nl} - Permite publicar hasta 10 objetos en el Mercado{nl} - Aumenta en +3 la velocidad de movimiento{nl} - 1 entrada adicional a misiones y mazmorras	 - 특성 즉시 수련 가능{nl} - 마켓 판매 수수료율 감소(30%{img white_right_arrow 16 16}10%){nl} - 마켓 판매 등록 아이템 개수 10개{nl} - 캐릭터 이동속도 +3{nl} - 미션,던전 1회 추가입장{nl} - 프리미엄 제스쳐 사용 가능{nl}	INTL_20160323_000004	- Able to learn up to 2 attributes simultaneously{nl} - Reduced Market commission fee (30% {img white_right_arrow 16 16} 10%){nl} - Able to list up to 5 items on the Market{nl} - +3 increased character movement speed{nl} - Can only trade up to 30 times{nl	- 특성 스킬 2개 동시 수련 가능{nl} - 마켓 판매 수수료율 감소(30%{img white_right_arrow 16 16}10%){nl} - 마켓 판매 등록 아이템 개수 5개{nl} - 캐릭터 이동속도 +3{nl} - 미션,던전 1회 추가입장{nl} - 최대 버프 적용 개수 증가{nl} - 프리미엄 제스쳐 사용 가능{nl}	
INTL_20171205_000054	Otorga los beneficios del Token a todos tus personajes del servidor durante 30 días. Consulta el tiempo restante en la Información del personaje.{nl}[Beneficios del Token]{nl} - Permite aprender atributos al instante{nl} - Reduce la comisión del Mercado (30% {img white_right_arrow 16 16} 10%){nl} - Permite publicar hasta 10 objetos en el Mercado{nl} - Permite registrar objetos en el Mercado fuera de los límites de precio mínimo y máximo{nl} - Permite retirar al instante la plata del Mercado{nl} - +30% de EXP al derrotar monstruos{nl}(Se acumula con los efectos del Tomo de EXP){nl} - Permite usar gestos premium{nl} - +1 recompensa adicional en las misiones de Saalus{nl} - Permite realizar hasta 30 intercambios personales{nl} - Descuento de 2 piedras en las entradas a mazmorras de incursión	마우스 우클릭 시 사용되며 서버 내 모든 캐릭터에 사용 시점으로부터 30일간 혜택이 적용됩니다. 캐릭터 정보창에서 잔여 시간을 확인하실 수 있습니다.{nl}[토큰 효과]{nl} - 특성 즉시 수련 가능{nl} - 마켓 판매 수수료율 감소(30%{img white_right_arrow 16 16}10%){nl} - 마켓 판매 등록 아이템 개수 10개{nl} - 마켓 상/하한가 관계없이 물품 등록 가능{nl} - 마켓 판매금 즉시 수령{nl} - 캐릭터 이동속도 +3 증가{nl} - 몬스터 처치 시 경험치 +30% 증가{nl}(PC방 혜택, 경험의 서 효과와 중첩 가능){nl} - 팀 창고 이용 가능{nl} - 프리미엄 제스쳐 사용 가능{nl} - 개인 거래 30회 가능{nl} - 살러스 수녀원 미션 완료 보상 +1{nl} - 레이드 던전 입장 아이템 소모 개수 -2	INTL_20170925_000044	Applies Token benefits to all your characters in the server for 30 days. Right-click to use.{nl}[Token Benefits]{nl} - Able to learn attributes instantaneously{nl} - Reduced Market commission fee (30% {img white_right_arrow 16 16} 10%){nl} - Able to list up to 10 items on the Market{nl} - +3 increased character movement{nl} - +30% EXP from hunting monsters{nl} - Able to use Premium Gestures{nl} - Increased maximum buff count{nl} - Able to use Personal Trade up to 30 times{nl} - 1 extra instance entry for missions and dungeons	마우스 우클릭 시 사용되며 서버 내 모든 캐릭터에 사용 시점으로부터 30일간 혜택이 적용됩니다.{nl}[토큰 효과]{nl} - 특성 스킬 2개 동시 수련 가능{nl} - 마켓 판매 수수료율 감소(30%{img white_right_arrow 16 16}10%){nl} - 마켓 판매 등록 아이템 개수 9개{nl} - 캐릭터 이동속도 +3 증가{nl} - 몬스터 처치 시 경험치 +30% 증가{nl}(PC방 혜택, 경험의 서 효과와 중첩 가능){nl} - 프리미엄 제스쳐 사용 가능{nl} - 개인 거래 30회 가능{nl} - 미션,던전 1회 추가입장{nl} - 살러스 수녀원 미션 완료 보상 +1	
INTL_20171222_000055	Caja de álbum de cartas de monstruos	몬스터 카드첩 상자				
INTL_20171222_000056	Haz clic derecho para obtener los siguientes objetos:{nl} - Álbum de cartas de monstruos: rojo x1{nl} - Álbum de cartas de monstruos: azul x1{nl} - Álbum de cartas de monstruos: verde x1{nl} - Álbum de cartas de monstruos: morado x1	마우스 우클릭 시 사용되며 구성물을 획득할 수 있습니다.{nl} - 몬스터 카드첩 : 레드 x1{nl} - 몬스터 카드첩 : 블루 x1{nl} - 몬스터 카드첩 : 그린 x1{nl} - 몬스터 카드첩 : 퍼플 x1				
INTL_20180102_000057	Título - Feliz Año Nuevo 2018	칭호 - 2018 Happy New Year				
INTL_20180102_000058	Una llave entregada a los participantes del evento de felicitaciones por el Año Nuevo 2018.{nl}Parece que podría abrir lingotes de oro.	2018 Happy New Year Wishes Greetings 수상자에게 지급되는 열쇠입니다.{nl}금괴를 열 수 있을 것 같습니다.				
INTL_20180108_000059	Una llave entregada a los participantes del evento de felicitaciones por el Año Nuevo 2018.{nl}Parece que podría abrir algún tipo de bóveda.	2018 Happy New Year Wishes Greetings 수상자에게 지급되는 열쇠입니다.{nl}금고를 열 수 있을 것 같습니다.				
INTL_20180108_000060	¡Recibiste una Llave de la suerte del evento de Facebook!{nl}(Del 28 de diciembre de 2017 al 9 de enero de 2018)	Lucky Key는 Facebook 이벤트에서 지급되었습니다.{nl}(2017년 12월 28일 ~ 2018년 1월 9일)				금괴
INTL_20180108_000061	Bóveda	금고				
INTL_20180115_000062	Título otorgado a los ganadores del festival de arte de fans «Actualización de rango: 4 clases nuevas».	Rank Update: 4 New Classes Edition! 수상자에게 지급되는 칭호입니다.				
INTL_20180115_000063	Título - Artista de la nueva clase	칭호 - New Class Artist				
INTL_20180115_000064	Título otorgado a los ganadores del festival de arte de fans «Actualización de rango: 4 clases nuevas». Haz clic derecho para usarlo.	Rank Update: 4 New Classes Edition! 수상자에게 지급되는 칭호입니다. 마우스 오른쪽 클릭으로 사용합니다.				
INTL_20180122_000065	Caja de Goro	고로 상자				
INTL_20180123_000066	Bonificación de cazador - 1	가문의 영광 1단계				
INTL_20180123_000067	+20% de EXP al derrotar monstruos	몬스터 처치 시 획득 경험치 +20%				
INTL_20180123_000068	Bonificación de cazador - 2	가문의 영광 2단계				
INTL_20180123_000069	+40% de EXP al derrotar monstruos	몬스터 처치 시 획득 경험치 +40%	SKILL_20161226_007304	+60% EXP from hunting monsters{nl}+2 movement speed	몬스터 처치 시 획득 경험치 +60%{nl}이동 속도 +2	
INTL_20180123_000070	Bonificación de cazador - 3	가문의 영광 3단계				
INTL_20180123_000071	+60% de EXP al derrotar monstruos	몬스터 처치 시 획득 경험치 +60%	SKILL_20161226_007306	+90% EXP from hunting monsters{nl}+3 movement speed	몬스터 처치 시 획득 경험치 +90%{nl}이동 속도 +3	
INTL_20180123_000072	Bonificación de cazador - 4	가문의 영광 4단계				
INTL_20180123_000073	+80% de EXP al derrotar monstruos	몬스터 처치 시 획득 경험치 +80%	SKILL_20161226_007308	+120% EXP from hunting monsters{nl}+4 movement speed	몬스터 처치 시 획득 경험치 +120%{nl}이동 속도 +4	
INTL_20180123_000074	Bonificación de cazador - 5	가문의 영광 5단계				
INTL_20180202_000075	Caja de chocolates	소녀의 마음				
INTL_20180202_000076	Una encantadora caja de chocolates hechos a mano para el Día de San Valentín. Úsala para obtener +50% de EXP durante 1 hora.	달달한 맛으로, 뇌의 회전을 도와주는 초콜릿입니다. 사용 시, 1시간동안 경험치 획득량 +50% 효과를 얻습니다.				
INTL_20180214_000077	Última bonificación de invierno	마지막 겨울 버프				
INTL_20180214_000078	+30% de EXP al derrotar monstruos	몬스터 처치 시 획득 경험치 +30%				
INTL_20180214_000079	Llave de invierno	겨울 열쇠				
INTL_20180214_000080	Úsala para abrir la Bóveda en Klaipeda.{nl}(Se eliminará al finalizar el evento.)	마지막 겨울 이벤트에서 사용되는 열쇠입니다.{nl}(이벤트 종료 시 일괄 삭제됩니다.)				
INTL_20180214_000081	Carámbano (14 días)	고드름(14일)				
INTL_20180214_000082	¡Derrítelo junto al fuego para descubrir qué hay dentro!{nl}(Se eliminará al finalizar el evento.)	고드름을 녹이면 무엇이 들어있을까요?{nl}(고드름은 장작 주위에서만 사용 가능합니다.)				
INTL_20180214_000083	¡Reúne 10 Llaves de invierno para obtener al nuevo compañero Pingüino de invierno!	Winter Key 10개를 모으시면 "윈터펭" 을 드립니다.{nl}(Winter Key는 2월 20일 이벤트에서 획득할 수 있습니다.)				금고
INTL_20180214_000084	El evento Último invierno ya está abierto.{nl}¡No te pierdas al nuevo compañero Pingüino de invierno y muchas cosas más!	마지막 겨울 이벤트가 진행 중입니다.{nl}마지막 겨울 선물과 버프는 물론, 신규 컴패니언 윈터펭도 만나보세요.				이벤트 알림판
INTL_20180214_000085	Reúne 10 Llaves de invierno para obtener al compañero Pingüino de invierno.{nl}(Recibe las llaves todos los días en el tablón de anuncios del evento.)	Winter Key 10개를 모으시면 "윈터펭" 을 드립니다.{nl}(이벤트 알림판에서 마지막 겨울 선물을 받으세요.)				금고
INTL_20180214_000086	¡Puedes seguir recibiendo más recompensas cada día usando las Llaves de invierno!{nl}Cada llave que uses para abrir la Bóveda te dará una nueva recompensa.	Winter Key로 추가 보상을 받을 수 있습니다.{nl}(Winter Key 1개당 1회의 추가 보상이 주어집니다.)				금고
INTL_20180214_000087	Ya estás usando esta bonificación.	이미 버프가 존재합니다.				이벤트 알림판
INTL_20180214_000088	Es demasiado pronto, vuelve más tarde.	너무 이릅니다.				이벤트 알림판
INTL_20180214_000089	Último invierno	마지막 겨울 이벤트				
INTL_20180214_000090	Recibir bonificación de Último invierno	마지막 겨울 버프 받기				
INTL_20180214_000091	Recibir regalo de Último invierno	마지막 겨울 선물 받기				
INTL_20180214_000092	Ayudante de EXP de fin de semana	주말 경험치 지원				
INTL_20180219_000093	Prisión de demonios del gremio (nivel recomendado: 115){nl}Solo tú y los miembros de tu grupo pueden entrar juntos.{nl}¿Seguro que quieres entrar?	염원의 비석로 (권장 레벨:180)에 입장하시겠습니까?{nl}당신과 파티를 맺은 플레이어만이 함께 입장할 수 있습니다.				
INTL_20180219_000094	Familia Legwyn caída (nivel recomendado: 130){nl}Solo tú y los miembros de tu grupo pueden entrar juntos.{nl}¿Seguro que quieres entrar?	쇠락한 르귄가문의 저택 (권장 레벨:230)에 입장하시겠습니까?{nl}당신과 파티를 맺은 플레이어만이 함께 입장할 수 있습니다.				
INTL_20180219_000095	Subterráneo del castillo (nivel recomendado: 300){nl}Solo tú y los miembros de tu grupo pueden entrar juntos.{nl}¿Seguro que quieres entrar?	캐슬 지하 (권장 레벨:300)에 입장하시겠습니까?{nl}당신과 파티를 맺은 플레이어만이 함께 입장할 수 있습니다.				
INTL_20180219_000096	Ayudante de EXP	성장 지원 도우미				
INTL_20180305_000097	 {nl}{CUBE}s abiertos: {@st66d_y}{s18}{SUM}{/}{/}{nl}Abre {@st66d_y}{s18}{COUNT}{/}{/} cubos más para recibir la recompensa por {@st66d_y}{s18}{BOUNS}{/}{/} cubos.{nl}Puedes recibir las recompensas por los {@st66d_y}{s18}{REWARD}{/}{/} cubos abiertos.{nl}¿Quieres recibir las recompensas ahora?	 {nl}{CUBE} 사용 횟수 : {@st66d_y}{s18}{SUM}{/}{/}{nl}앞으로 {@st66d_y}{s18}{COUNT}{/}{/}회 사용시 {@st66d_y}{s18}{BOUNS}{/}{/}회 보상을 받을 수 있습니다.{nl}{@st66d_y}{s18}{REWARD}{/}{/} 회 보상을 받을 수 있습니다.{nl}수령하시겠습니까?				
INTL_20180305_000098	 {nl}{CUBE}s abiertos: {@st66d_y}{s18}{SUM}{/}{/}{nl}Abre {@st66d_y}{s18}{COUNT}{/}{/} cubos más para recibir la recompensa por {@st66d_y}{s18}{BOUNS}{/}{/} cubos.	 {nl}{CUBE}  사용 횟수 : {@st66d_y}{s18}{SUM}{/}{/}{nl}앞으로 {@st66d_y}{s18}{COUNT}{/}{/}회 사용시 {@st66d_y}{s18}{BOUNS}{/}{/}회 보상을 받을 수 있습니다.				
INTL_20180305_000099	Cubo de bonificación	보너스 큐브				
INTL_20180312_000100	Título otorgado a los ganadores del evento de arte de fans por el 2.º aniversario.	스팀 2주년 팬아트 수상자에게 주어지는 칭호 입니다.				
INTL_20180312_000101	Título - ¡Feliz 2.º aniversario!	칭호 - Happy 2nd Anniversary!				
INTL_20180312_000102	Título otorgado a los ganadores del evento de arte de fans por el 2.º aniversario. Haz clic derecho para usarlo.	스팀 팬아트 수상자에게 지급되는 칭호입니다. 마우스 오른쪽 클릭으로 사용합니다.				
INTL_20180312_000103	 {nl}Has sido asignado al equipo {@st66d_y}{s18}{TEAM}{/}{/}. {nl}Derrota monstruos para conseguir {@st66d_y}{s18}{ITEM}s{/}{/}.	 {nl}{@st66d_y}{s18}{TEAM}{/}{/} 에 배정되었습니다.{nl}몬스터 처치시 {@st66d_y}{s18}{ITEM}{/}{/}을 획득할 수 있습니다.				
INTL_20180312_000104	Intercambio de objetos	아이템 교환				
INTL_20180312_000105	Desafío de equipo de Vaivora	마을 축제				
INTL_20180312_000106	Bonificación de evento	이벤트 버프				
INTL_20180316_000107	El poder del petardo se ha extendido a todos los miembros del grupo.	기념을 축하하는 폭죽의 힘이 공유되고 있습니다.				
INTL_20180316_000108	Huevo de ave de batalla resplandeciente	빛나는 전투 뱁새 알				
INTL_20180316_000109	Petardo del 2.º aniversario	2주년 폭죽				
INTL_20180316_000110	Objeto del evento del 2.º aniversario.{nl}Aumenta la velocidad de movimiento en +4, la proporción de ataque de área en +1 y la EXP obtenida en +25% para todos los miembros del grupo durante 30 minutos.	2주년 이벤트 아이템입니다.{nl} 30분간 파티원 전체의 이동속도 +4, 광역 공격 비율 +1 경험치 25% 증가의 효과를 줍니다.				
INTL_20180316_000111	Iniciar evento del 2.º aniversario	이벤트 워프 주문서 - 2주년 이벤트 시작				
INTL_20180316_000112	Pergamino de teletransporte del evento.{nl}Úsalo para trasladarte hasta el PNJ del evento del 2.º aniversario.	이벤트용 워프 주문서입니다.{nl}사용 시 2주년 이벤트 시작 npc 앞으로 이동합니다.				
INTL_20180316_000113	Brazalete del 2.º aniversario de Steam	스팀 2주년 암밴드				
INTL_20180316_000114	Un accesorio para el brazo que celebra los 2 años de TOS en Steam.	스팀 2주년을 기념하여 제작된 암밴드 입니다.				
INTL_20180316_000115	Naranja sonriente	스마일 오렌지				
INTL_20180316_000116	El pequeño amigo naranja del GM Orange. Esta peculiar naranja es conocida por sus muchas expresiones, lo que hace pensar a algunos que fue afectada por Medzio Diena.	GM 오렌지의 머리 위에있는 오렌지. 다양한 표정을 지을 수 있는 것으로 보아 Medzio Diena의 영향을 받았다고 의심된다.				
INTL_20180316_000117	Café de sardina	정어리 커피				
INTL_20180316_000118	La taza de café del GM Papaya. Aunque contiene café (y una sardina), su contenido nunca se derrama, para diversión de quienes la observan.	GM 파파야의 커피. 살아있는 정어리가 들어있다. 마법적인 힘으로 인해 어떤 각도에서든 머리에서 떨어지지 않는다.				
INTL_20180316_000119	Gafas espirales	뱅글 안경				
INTL_20180316_000120	Las famosas gafas espirales del Dr. No. Llévalas con una lata de Red Ox en la mano para obtener los mejores resultados. Efectos secundarios: pueden causar mareos.	Dr. No의 안경. 일을 할 때 Red Ox과 같이 사용하면 효율이 높아진다고 한다. 주의: 같이있을 경우 어지러울 수 있다.				
INTL_20180316_000121	Paquete de huevo de ave de batalla resplandeciente	빛나는 전투 뱁새 패키지				
INTL_20180316_000122	Haz clic derecho para usarlo y obtener los siguientes objetos.{nl} - Huevo de ave de batalla resplandeciente x1{nl} - Alimento para ave de batalla x50	마우스 우클릭 시 사용되며 구성물을 획득할 수 있습니다.{nl} - 빛나는 전투 뱁새 알{nl} - 뱁새용 모이 50개				
INTL_20180316_000123	Paquete de huevo de pingüino resplandeciente	빛나는 펭귄 패키지				
INTL_20180316_000124	Haz clic derecho para usarlo y obtener los siguientes objetos.{nl} - Huevo de pingüino resplandeciente x1{nl} - Sardina x50	마우스 우클릭 시 사용되며 구성물을 획득할 수 있습니다.{nl} - 빛나는 펭귄 알{nl} - 정어리 50개				
INTL_20180316_000125	Haz clic derecho para usarlo y obtener los siguientes objetos.{nl} - Brazalete del 2.º aniversario de Steam x1{nl} - Huevo de pingüino hoja x1{nl} - Cupón de mejora: 100,000 de plata x10{nl}- Puntos de atributo: 1,000 x1{nl}- Pergamino de teletransporte del evento - Iniciar evento del 2.º aniversario x1{nl}- Poción de HP altamente concentrada x20{nl}- Poción de SP altamente concentrada x20{nl}- Poción de apoyo para asentamientos de nivel 2 x10{nl}- Petardo del 2.º aniversario x5{nl}- Estatua de la Diosa x5{nl}- Poción de velocidad de movimiento altamente concentrada x5{nl}- Token: 15 días [Evento]	마우스 우클릭 시 사용되며 구성물을 획득할 수 있습니다.{nl} - 스팀 2주년 암밴드{nl} - 펭그린 알{nl} - 강화 실버 할인 쿠폰 : 10만 실버 10개{nl}- 특성 포인트 1,000{nl}- 이벤트 워프 주문서 - 2주년 이벤트 시작{nl}- 고농축 HP포션 20개{nl}- 고농축 SP포션 20개{nl}- 정착 지원 포션 Lv2 10개{nl}- 2주년 폭죽 5개{nl}- 여신의 조각상 5개{nl}- 고농축 이동속도 증가 포션 5개{nl}- 토큰:15일[증정용]				
INTL_20180326_000126	Lista de Maestros invitados	마스터 명단 리스트				
INTL_20180326_000127	Este documento contiene la lista de todos los Maestros de clase invitados a las celebraciones del 2.º aniversario de TOS.{nl}(Se eliminará al finalizar el evento.)	초대장을 가진 마스터들의 명단을 기록하고 있습니다.{nl}(사용 시 이벤트 진행 상황을 확인할 수 있습니다.)				
INTL_20180326_000128	Pergamino de teletransporte del evento.{nl}Úsalo para trasladarte hasta el PNJ del evento del 2.º aniversario.	이벤트용 워프 주문서입니다.{nl}사용 시 2주년 이벤트 도우미 npc 앞으로 이동합니다.	INTL_20180316_000112	An event Warp Scroll.{nl}Use it to move to the 2nd Anniversary Event NPC.	이벤트용 워프 주문서입니다.{nl}사용 시 2주년 이벤트 시작 npc 앞으로 이동합니다.	
INTL_20180326_000129	Título - Reportero honorario de TPP	칭호 - Honorary TPP Reporter				
INTL_20180326_000130	Título otorgado a los reporteros honorarios de The Popolion Post. Haz clic derecho para usarlo.	The Popolion Post 잡지의 명예 기자에게 지급되는 칭호입니다. 마우스 오른쪽 클릭으로 사용합니다.				
INTL_20180402_000131	Un lindo globo con forma de cachorro. Ten cuidado con los objetos puntiagudos cuando lo lleves contigo.	강아지 모양에 풍선 인형입니다. 찌르면 터질지도 모릅니다.				
INTL_20180402_000132	Registro del estado de demonio S/N [Verdadero: 1, Falso: 0]	Daemon State 기록 여부[True:1, False:0]				
INTL_20180406_000133	Título otorgado a los jugadores que han reunido las Revelaciones [Evento]. Haz clic derecho para usarlo.	[이벤트] 계시를 찾은 구원자에게 지급되는 칭호입니다. 마우스 오른쪽 클릭으로 사용합니다.				
INTL_20180406_000134	[Evento] Revelación de la Mina de Cristal	[이벤트]첫번째 계시				
INTL_20180406_000135	Una Revelación de evento.{nl}Se puede intercambiar por un título en el tablón de anuncios del evento.	계시 이벤트 아이템입니다.{nl}이벤트 알림판에서 칭호로 교환할 수 있습니다.				
INTL_20180406_000136	Título - Revelador de la Mina de Cristal	칭호 - [EVENT]Crystal Mine Revelation				
INTL_20180406_000137	Primero debes obtener el título «Revelador de la Mina de Cristal».	칭호 - [이벤트]첫 번째 계시 획득자를 먼저 획득해 주세요.				이벤트 알림판
INTL_20180406_000138	Recibir título	칭호 받기				
INTL_20180406_000139	Recibir bonificación	버프 받기				
INTL_20180406_000140	La primera Revelación: Mina de Cristal	첫 번째 세계관 이벤트 : 수정광산				
INTL_20180418_000141	Restaura 30 puntos de resistencia.{nl}Bueno para:{nl} - Velheider{nl} - Hoglan{nl} - Pingüino hoja{nl} - Cerdito bebé{nl} - Rocksodon{nl} - Armadillo{nl} - Cachorro dorado{nl} - Goro	스태미나를 30 회복 시켜줍니다.{nl}사용가능 목록{nl} - 벨하이더 {nl} - 호글란 {nl} - 펭그린 {nl} - 아기돼지 {nl} - 락스돈 {nl} - 아르마딜로 {nl} - 금강불개 {nl} - 고로				
INTL_20180420_000142	Cubo del héroe de Fedimian	페디미안 수호 큐브				
INTL_20180420_000143	Un cubo otorgado a los valientes héroes que salvaron Fedimian de los monstruos.	페디미안을 수호한 구원자에게 주어지는 보상입니다.				
INTL_20180503_000144	[Evento de encuesta]{nl}   Administrador de premios	[설문 이벤트]{nl}   상품 교환원				
INTL_20180514_000145	Travesía del arcoíris	비비드 시티 참여 중				
INTL_20180514_000146	No se pueden usar habilidades.{nl}Regresarás al mapa de la ciudad en 60 minutos.	스킬을 사용할 수 없습니다.{nl}60분 뒤 마을로 이동합니다.				
INTL_20180514_000147	Caja de puntos de atributo de rango S (x3)	특성 포인트 상자 S급 (3개)				
INTL_20180514_000148	Una caja que contiene 3 cajas de puntos de atributo de rango S. Haz clic derecho para obtenerlas.	특성 포인트 상자 S급 3개가 들어있는 상자입니다. 마우스 오른쪽 버튼 클릭으로 사용하면 아이템이 지급됩니다.				
INTL_20180514_000149	Caja de yunques de diamante del artesano	장인의 다이아몬드 모루 상자				
INTL_20180514_000150	Una caja que contiene 5 yunques de diamante. Haz clic derecho para usarla y obtener los objetos.	다이아몬드 모루 5개가 들어있는 상자입니다. 마우스 오른쪽 버튼 클릭으로 사용하면 아이템이 지급됩니다.				
INTL_20180514_000151	Caja de recetas secretas de armas del artesano (nivel 315)	장인의 무기 비밀 레시피 상자 (Lv. 315)				
INTL_20180514_000152	Elige una receta de nivel 315 que pueda fabricarse con menos materiales. Haz clic derecho para usarla.	적은 재료로 315제 장비를 제작 가능한 비밀 레시피를 선택할 수 있습니다. 마우스 오른쪽 버튼 클릭으로 사용합니다.				
INTL_20180514_000153	Receta secreta del artesano - Abdochar	장인의 비밀 제작서-아브도챠				
INTL_20180514_000154	Receta secreta del artesano - Sarkmis	장인의 비밀 제작서-사크미스				
INTL_20180514_000155	Receta secreta del artesano - Skull Smasher	장인의 비밀 제작서-스컬 스매셔				
INTL_20180514_000156	Receta secreta del artesano - Regard Horn Staff	장인의 비밀 제작서-리가드 혼 스태프				
INTL_20180514_000157	Receta secreta del artesano - Heart of Glory	장인의 비밀 제작서-하트 오브 글로리				
INTL_20180514_000158	Receta secreta del artesano - Skull Breaker	장인의 비밀 제작서-스컬 브레이커				
INTL_20180514_000159	Receta secreta del artesano - Daga Emengard	장인의 비밀 제작서-에멘가드 대거				
INTL_20180514_000160	Receta secreta del artesano - Lanza Wingshard	장인의 비밀 제작서-윙샤드 스피어				
INTL_20180514_000161	Receta secreta del artesano - Pica Regard Horn	장인의 비밀 제작서-리가드 혼 파이크				
INTL_20180514_000162	Receta secreta del artesano - Black Horn	장인의 비밀 제작서-블랙 혼				
INTL_20180514_000163	Receta secreta del artesano - Ballesta Regard Horn	장인의 비밀 제작서-리가드 혼 크로스보우				
INTL_20180514_000164	Receta secreta del artesano - Arco Astra	장인의 비밀 제작서-아스트라 보우				
INTL_20180514_000165	Receta secreta del artesano - Revólver Aspana	장인의 비밀 제작서-아스파나 리볼버				
INTL_20180514_000166	Receta secreta del artesano - Mosquete Emengard	장인의 비밀 제작서-에멘가드 머스킷				
INTL_20180514_000167	Receta secreta del artesano - Cañón Emengard	장인의 비밀 제작서-에멘가드 캐논				
INTL_20180514_000168	Receta secreta del artesano - Escudo Emengard	장인의 비밀 제작서-에멘가드 실드				
INTL_20180523_000169	Otorga los beneficios del Token a todos tus personajes del servidor durante 60 días. Consulta el tiempo restante en la Información del personaje.{nl}[Beneficios del Token]{nl} - Reduce la comisión del Mercado (10% {img white_right_arrow 16 16} 5%){nl}- Velocidad de movimiento +3{nl} - +30% de EXP al derrotar monstruos{nl}(Se acumula con los efectos del Tomo de EXP){nl}- +30 espacios en el almacén del equipo{nl} - Permite usar gestos premium{nl} - La exploración del mapa se comparte entre todos los personajes de la cuenta	마우스 우클릭 시 사용되며 서버 내 모든 캐릭터에 사용 시점으로부터 60일간 혜택이 적용됩니다. 캐릭터 정보창에서 잔여 시간을 확인하실 수 있습니다.{nl}[토큰 효과]{nl} - 특성 즉시 수련 가능{nl} - 마켓 판매 수수료율 감소(30%{img white_right_arrow 16 16}10%){nl} - 마켓 판매 등록 아이템 개수 10개{nl} - 마켓 상/하한가 관계없이 물품 등록 가능{nl} - 마켓 판매금 즉시 수령{nl} - 캐릭터 이동속도 +3 증가{nl} - 몬스터 처치 시 경험치 +50% 증가{nl}(PC방 혜택, 경험의 서 효과와 중첩 가능){nl} - 팀 창고 +30칸 증가{nl} - 프리미엄 제스쳐 사용 가능{nl} - 개인 거래 60회 가능				
INTL_20180523_000170	Otorga los beneficios del Token a todos tus personajes del servidor durante 7 días. Consulta el tiempo restante en la Información del personaje.{nl}[Beneficios del Token]{nl} - Reduce la comisión del Mercado (10% {img white_right_arrow 16 16} 5%){nl}- Velocidad de movimiento +3{nl} - +30% de EXP al derrotar monstruos{nl}(Se acumula con los efectos del Tomo de EXP){nl}- +30 espacios en el almacén del equipo{nl} - Permite usar gestos premium{nl} - La exploración del mapa se comparte entre todos los personajes de la cuenta	마우스 우클릭 시 사용되며 서버 내 모든 캐릭터에 사용 시점으로부터 7일간 혜택이 적용됩니다. 캐릭터 정보창에서 잔여 시간을 확인하실 수 있습니다.{nl}[토큰 효과]{nl} - 특성 즉시 수련 가능{nl} - 마켓 판매 수수료율 감소(30%{img white_right_arrow 16 16}10%){nl} - 마켓 판매 등록 아이템 개수 10개{nl} - 마켓 상/하한가 관계없이 물품 등록 가능{nl} - 마켓 판매금 즉시 수령{nl} - 캐릭터 이동속도 +3 증가{nl} - 몬스터 처치 시 경험치 +50% 증가{nl}(PC방 혜택, 경험의 서 효과와 중첩 가능){nl} - 팀 창고 +30칸 증가{nl} - 프리미엄 제스쳐 사용 가능	INTL_20170925_000047	Applies Token benefits to all your characters in the server for 7 days. Right-click to use.{nl}[Token Benefits]{nl} - Able to learn attributes instantaneously{nl} - Reduced Market commission fee (30% {img white_right_arrow 16 16} 10%){nl} - Able to list up to 10 items on the Market{nl} - +3 increased character movement{nl} - +30% EXP from hunting monsters{nl} - Able to use Premium Gestures{nl} - Increased maximum buff count{nl} - 1 extra instance entry for missions and dungeons	마우스 우클릭 시 사용되며 서버 내 모든 캐릭터에 사용 시점으로부터 7일간 혜택이 적용됩니다.{nl}[토큰 효과]{nl} - 특성 즉시 수련 가능{nl} - 마켓 판매 수수료율 감소(30%{img white_right_arrow 16 16}10%){nl} - 마켓 판매 등록 아이템 개수 9개{nl} - 캐릭터 이동속도 +3 증가{nl} - 몬스터 처치 시 경험치 +30% 증가{nl}(PC방 혜택, 경험의 서 효과와 중첩 가능){nl} - 프리미엄 제스쳐 사용 가능{nl} - 최대 버프 적용 개수 증가{nl} - 미션,던전 1회 추가입장{nl} - 살러스 수녀원 미션 완료 보상 +1	
INTL_20180525_000171	Úsalo para obtener los siguientes disfraces.{nl} - Disfraz del Invitado (masculino){nl} - Disfraz del Invitado (femenino)	사용 시 코스튬을 획득할 수 있습니다.{nl} - 초대에 응한 자 코스튬(남){nl} - 초대에 응한 코스튬(여)	INTL_20180326_000128	An event Warp Scroll.{nl}Use it to move to the 2nd Anniversary Event NPC.	이벤트용 워프 주문서입니다.{nl}사용 시 2주년 이벤트 도우미 npc 앞으로 이동합니다.	
INTL_20180615_000172	Título otorgado a los jugadores más creativos de TPP. Haz clic derecho para usarlo.	Creative TPP Player에게 지급되는 칭호입니다. 마우스 오른쪽 클릭으로 사용합니다.				
INTL_20180615_000173	Dueño del espíritu maldito	저주받은 혼 사용자				
INTL_20180615_000174	Espíritu maldito	저주받은 혼				
INTL_20180615_000175	Muéstraselo al soldado enviado para entrar al área del Altar maldito.{nl}Como alternativa, úsalo para aumentar la velocidad de movimiento en +2, el ataque físico en +50 y el ataque mágico en +50 durante 10 minutos.	저주받은 병사에게 보여주면 저주받은 지역으로 갈 수 있습니다.{nl}사용 시 10분 동안 이동속도 +2, 물리 공격력 +50, 마법 공격력 +50 증가합니다.				
INTL_20180615_000176	No puedes pasar de este punto sin un Espíritu maldito.	저주받은 혼이 없는 자는 이 앞을 지나갈 수 없다.				저주받은 병사
INTL_20180615_000177	Los Espíritus malditos provienen de los monstruos que merodean por este lugar. Buena suerte consiguiendo uno.	저주받은 해안의 몬스터를 처치해야만 저주받은 혼을 구할 수 있는 것도 모르는 애송이로군.				저주받은 병사
INTL_20180615_000178	Voz a la distancia	어디선가 들려오는 목소리				
INTL_20180615_000179	La Ballena de piedra solo puede despertarse mediante un Espíritu maldito...	오직 저주받은 혼으로만 저주받은 석화 고래를 깨울 수 있지..				어디선가 들려오는 목소리
INTL_20180615_000180	Tengo un Espíritu maldito.	저주받은 혼을 보여준다.				
INTL_20180615_000181	{Name} ha despertado a la Ballena de piedra maldita.	{Name}님이 저주받은 석화 고래를 깨웠습니다.				
INTL_20180723_000182	Título otorgado a los concursantes premiados del festival de arte de fans de verano de 2018. Haz clic derecho para usarlo.	Loving Summer 팬아트 수상자에게 지급되는 칭호입니다. 마우스 오른쪽 클릭으로 사용합니다.				
INTL_20180809_000183	Título otorgado a los participantes del evento. Haz clic derecho para usarlo.	이벤트 참여자에게 지급되는 칭호입니다. 마우스 오른쪽 클릭으로 사용합니다.				
INTL_20180809_000184	EXP +100%, velocidad de movimiento +3, aumento de PV máx.{nl}Recuperación de PV, SP y resistencia, proporción de ataque de área +2	경험치 100% 증가, 이동속도 +3, 최대체력 증가{nl}HP, SP, 스태미너 회복, 광역 공격 비율 +2				
INTL_20180809_000185	EXP +100%, velocidad de movimiento +3, probabilidad de botín +100{nl}Recuperación de PV, SP y resistencia	경험치 100% 증가, 이동속도 +3, 루팅찬스 +100{nl}HP, SP, 스태미너 회복				
INTL_20180809_000186	[Evento] Caja de selección de vales de desbloqueo	[이벤트] 해금권 선택 상자				
INTL_20180809_000187	Caja de vales de desbloqueo de clases ocultas {nl} Lista de clases desbloqueables {nl} - Vale de desbloqueo de Shinobi {nl} - Vale de desbloqueo de Miko {nl} - Vale de desbloqueo de Lanzador de runas {nl} - Vale de desbloqueo de Tasador {nl} - Vale de desbloqueo de Nak Muay{nl}Se eliminará automáticamente al finalizar el evento.	히든 직업 해금권 선택 상자 {nl} 선택 가능 목록 {nl} - 시노비 해금권 {nl} - 무녀 해금권 {nl} - 룬 캐스터 해금권 {nl} - 감정사 해금권 {nl} - 낙무아이 해금권{nl}(이벤트 종료 시 일괄 삭제됩니다.)				
INTL_20180809_000188	[Evento] Caja de selección de armas mejoradas/trascendidas de nivel 350	[이벤트] 350레벨 강화 및 초월 무기 선택 상자				
INTL_20180809_000189	Úsala para elegir un arma rara de nivel 350 mejorada a +11 y trascendida hasta la etapa 5.{nl}La mejora y la trascendencia se aplicarán después de seleccionar el arma.{nl}La caja se eliminará automáticamente al finalizar el evento.	350레벨 레어 11강 5초월 무기를 지급 받을 수 있습니다.{nl}(강화 및 초월은 아이템 선택 시 적용됩니다.){nl}(이벤트 종료 시 일괄 삭제됩니다.)				
INTL_20180809_000190	Título otorgado a los participantes del evento. Haz clic derecho para usarlo.	이벤트에 참여자에게 지급되는 칭호입니다. 마우스 오른쪽 클릭으로 사용합니다.				
INTL_20180809_000191	[Amigo] Espada Berthas Raffye	[우정] 베르타스 라파이 소드				
INTL_20180809_000192	[Amigo] Espada de dos manos Berthas Raffye	[우정] 베르타스 라파이 투 핸드 소드				
INTL_20180809_000193	[Amigo] Vara Berthas Raffye	[우정] 베르타스 라파이 로드				
INTL_20180809_000194	[Amigo] Arco Berthas Raffye	[우정] 베르타스 라파이 보우				
INTL_20180809_000195	[Amigo] Ballesta Berthas Raffye	[우정] 베르타스 라파이 크로스보우				
INTL_20180809_000196	[Amigo] Maza Berthas Raffye	[우정] 베르타스 라파이 메이스				
INTL_20180809_000197	[Amigo] Maza de dos manos Berthas Raffye	[우정] 베르타스 라파이 투 핸드 메이스				
INTL_20180809_000198	[Amigo] Escudo Berthas Raffye	[우정] 베르타스 라파이 실드				
INTL_20180809_000199	[Amigo] Lanza Berthas Raffye	[우정] 베르타스 라파이 스피어				
INTL_20180809_000200	[Amigo] Pica Berthas Raffye	[우정] 베르타스 라파이 파이크				
INTL_20180809_000201	[Amigo] Daga Berthas Raffye	[우정] 베르타스 라파이 대거				
INTL_20180809_000202	[Amigo] Bastón Berthas Raffye	[우정] 베르타스 라파이 스태프				
INTL_20180809_000203	[Amigo] Pistola Berthas Raffye	[우정] 베르타스 라파이 피스톨				
INTL_20180809_000204	[Amigo] Estoque Berthas Raffye	[우정] 베르타스 라파이 레이피어				
INTL_20180809_000205	[Amigo] Cañón Berthas Raffye	[우정] 베르타스 라파이 캐논				
INTL_20180809_000206	[Amigo] Mosquete Berthas Raffye	[우정] 베르타스 라파이 머스킷				
INTL_20180809_000207	[Evento] Vale de desbloqueo de Miko	[이벤트] 무녀 클래스 해금권				
INTL_20180809_000208	Úsalo para desbloquear la clase Miko después de alcanzar el rango 6. Haz clic derecho para usarlo.{nl}Se eliminará automáticamente al finalizar el evento.	사용 시 6랭크 달성 후 무녀 클래스를 선택할 수 있습니다. 마우스 오른쪽 클릭으로 사용합니다.{nl}(이벤트 종료 시 일괄 삭제됩니다.)				
INTL_20180809_000209	[Evento] Vale de desbloqueo de Tasador	[이벤트] 감정사 클래스 해금권				
INTL_20180809_000210	Úsalo para desbloquear la clase Tasador después de alcanzar el rango 5. Haz clic derecho para usarlo.{nl}Se eliminará automáticamente al finalizar el evento.	사용 시 5랭크 달성 후 감정사 클래스를 선택할 수 있습니다. 마우스 오른쪽 클릭으로 사용합니다.{nl}(이벤트 종료 시 일괄 삭제됩니다.)				
INTL_20180809_000211	[Evento] Vale de desbloqueo de Lanzador de runas	[이벤트] 룬캐스터 클래스 해금권				
INTL_20180809_000212	Úsalo para desbloquear la clase Lanzador de runas después de alcanzar el rango 6. Haz clic derecho para usarlo.{nl}Se eliminará automáticamente al finalizar el evento.	사용 시 6랭크 달성 후 룬캐스터 클래스를 선택할 수 있습니다. 마우스 오른쪽 클릭으로 사용합니다.{nl}(이벤트 종료 시 일괄 삭제됩니다.)				
INTL_20180809_000213	[Evento] Vale de desbloqueo de Shinobi	[이벤트] 시노비 클래스 해금권				
INTL_20180809_000214	Úsalo para desbloquear la clase Shinobi después de alcanzar el rango 7. Haz clic derecho para usarlo.{nl}Se eliminará automáticamente al finalizar el evento.	사용 시 7랭크 달성 후 시노비 클래스를 선택할 수 있습니다. 마우스 오른쪽 클릭으로 사용합니다.{nl}(이벤트 종료 시 일괄 삭제됩니다.)				
INTL_20180809_000215	[Evento] Vale de desbloqueo de Nak Muay	[이벤트] 낙무아이 클래스 해금권				
INTL_20180809_000216	Úsalo para desbloquear la clase Nak Muay después de alcanzar el rango 7. Haz clic derecho para usarlo.{nl}Se eliminará automáticamente al finalizar el evento.	사용 시 7랭크 달성 후 낙무아이 클래스를 선택할 수 있습니다. 마우스 오른쪽 클릭으로 사용합니다.{nl}(이벤트 종료 시 일괄 삭제됩니다.)				
INTL_20180809_000217	Cofre del tesoro de Leticia 2018 (temporada 1)	2018 레티샤의 보물 상자(시즌1)				
INTL_20180809_000218	Ayudante del evento Invita a un amigo	친구 추천 이벤트 도우미				
INTL_20180809_000219	¡El evento Invita a un amigo ya está abierto!{nl}¡Inicia sesión con tu amigo para recibir bonificaciones y recompensas!	친구 추천 이벤트가 진행 중입니다.{nl}친구와 함께 접속 시 다양한 보상과 버프를 획득할 수 있습니다.				친구 추천 이벤트 도우미
INTL_20180809_000220	No cumples los requisitos para participar en el evento.	이벤트 참여 대상이 아닙니다.				
INTL_20180809_000221	El equipo {#003399}{team}{/} no contiene personajes de nivel 50 o superior.	{#003399}{team}{/}팀 내에 50레벨 이상인 캐릭터가 없습니다.				
INTL_20180809_000222	Recibir apoyo de {#003399}{team}{/}	{#003399}{team}{/}의 성장 지원 받기				
INTL_20180809_000223	{#003399}{team}{/} está conectado.{nl}Bonificación aplicada.	{#003399}{team}{/}님이 접속 중입니다.{nl}버프가 부여됩니다.				
INTL_20180809_000224	Ayudante de «Invita a un amigo»	친구 추천 도우미				
INTL_20180817_000225	[Evento] Caja de selección de armas mejoradas/trascendidas (14 días)	[이벤트] 강화 및 초월 무기 선택 상자 (14일)				
INTL_20180817_000226	Úsala a partir del nivel 230 para elegir un arma rara de nivel 315 (30 días), mejorada a +10 y trascendida hasta la etapa 3.{nl}(La mejora y la trascendencia se aplican después de seleccionar el objeto.	230레벨에 사용할 수 있는 315레벨 레어 10강 3초월 무기(30일)을 지급 받을 수 있습니다.{nl}(강화 및 초월은 아이템 선택 시 적용됩니다.)				
INTL_20180817_000227	[Regreso] Abdochar (30 días)	[복귀] 아브도챠 (30일)				
INTL_20180817_000228	[Regreso] Sarkmis (30 días)	[복귀] 사크미스 (30일)				
INTL_20180817_000229	[Regreso] Skull Smasher (30 días)	[복귀] 스컬 스매셔 (30일)				
INTL_20180817_000230	[Regreso] Regard Horn Staff (30 días)	[복귀] 리가드 혼 스태프 (30일)				
INTL_20180817_000231	[Regreso] Heart of Glory (30 días)	[복귀] 하트 오브 글로리 (30일)				
INTL_20180817_000232	[Regreso] Skull Breaker (30 días)	[복귀] 스컬 브레이커 (30일)				
INTL_20180817_000233	[Regreso] Daga Emengard (30 días)	[복귀] 에멘가드 대거 (30일)				
INTL_20180817_000234	[Regreso] Lanza Wingshard (30 días)	[복귀] 윙샤드 스피어 (30일)				
INTL_20180817_000235	[Regreso] Pica Regard Horn (30 días)	[복귀] 리가드 혼 파이크 (30일)				
INTL_20180817_000236	[Regreso] Black Horn (30 días)	[복귀] 블랙 혼 (30일)				
INTL_20180817_000237	[Regreso] Ballesta Regard Horn (30 días)	[복귀] 리가드 혼 크로스보우 (30일)				
INTL_20180817_000238	[Regreso] Arco Astra (30 días)	[복귀] 아스트라 보우 (30일)				
INTL_20180817_000239	[Regreso] Revólver Aspana (30 días)	[복귀] 아스파나 리볼버 (30일)				
INTL_20180817_000240	[Regreso] Cañón Emengard (30 días)	[복귀] 에멘가드 캐논 (30일)				
INTL_20180817_000241	[Regreso] Mosquete Emengard (30 días)	[복귀] 에멘가드 머스킷 (30일)				
INTL_20180817_000242	[Regreso] Escudo Emengard (30 días)	[복귀] 에멘가드 실드 (30일)				
INTL_20180827_000243	Título otorgado a los creadores de Guías del juego. Haz clic derecho para usarlo.	Game Guide Creator에게 지급되는 칭호입니다. 마우스 오른쪽 클릭으로 사용합니다.				
INTL_20180903_000244	{ds}{b}{#ffefd6}30 min: {#fe7e00}10 PUNTOS	{ds}{b}{#ffefd6}30분:{#fe7e00}10 POINT				
INTL_20180903_000245	Inténtalo de nuevo.	Popo Shop의 재시도 버튼을 클릭해주세요				
INTL_20180903_000246	No se pudo comprar el objeto. Inténtalo de nuevo.	Popo Shop 아이템 구매에 실패했습니다. 다시 시도해 주세요.				
INTL_20180903_000247	No tienes suficientes Puntos Popo.	Popo Shop 포인트가 부족합니다.				
INTL_20180907_000248	Usar la función de guardado/carga de mensajes del sistema Mongo DB S/N	몽고 db에 특정 시스템 메시지 저장/로드 기능 사용할 것인지				
INTL_20180914_000249	Vale de la Tienda de apoyo de combate (14 días)	전투 지원 상점 이용권(14일)				
INTL_20180914_000250	Abre una tienda donde puedes comprar pociones, consumibles de habilidades y otros objetos útiles.	사용 시 전투에 필요한 물건을 구매할 수 있는 상점을 이용할 수 있습니다.				
INTL_20180914_000251	Vale de la Tienda de apoyo de combate	전투 지원 상점 이용권				
INTL_20180914_000252	Cofre del tesoro de Leticia 2018 (temporada 2)	2018 레티샤의 보물 상자(시즌2)				
INTL_20180928_000253	Título otorgado a los ganadores del concurso de arte de Halloween 2018. Haz clic derecho para usarlo.	Horror Night 팬아트 수상자에게 지급되는 칭호입니다. 마우스 오른쪽 클릭으로 사용합니다.				
INTL_20181026_000254	¿Quieres seleccionar una recompensa por participar 10 veces?	받으실 10회 참여 횟수 보상을 선택해 주시겠어요?				큐폴 다이나
INTL_20181026_000255	Poción de reinicio de habilidades (14 días) y Arte de latte: Conejito	스킬 초기화 포션 (14일), 거품 토끼				
INTL_20181026_000256	Poción de reinicio de habilidades (14 días) y Arte de latte: Gatito	스킬 초기화 포션 (14일), 거품 고양이				
INTL_20181104_000257	Cofre del tesoro de Leticia 2018 (temporada 3)	2018 레티샤의 보물 상자(시즌3)				
INTL_20181111_000258	Talt único	유니크 탈트				
INTL_20181111_000259	Se puede intercambiar por un objeto de equipo en el Dispositivo de procesamiento de Talt.	탈트 가공 장치에서 장비 아이템으로 교환할 수 있습니다.				
INTL_20181111_000260	Caja de arma única de dos manos sin identificar	유니크 미감정 양손 무기 선택 상자				
INTL_20181111_000261	Selecciona y obtén un objeto de equipo sin identificar de nivel 380.{nl}El objeto no tendrá límite de tiempo ni restricciones de intercambio.	380레벨 유니크 미감정 장비 아이템을 획득할 수 있습니다.{nl}획득한 장비 아이템은 무제한이며 모든 거래가 가능합니다.				
INTL_20181111_000262	Caja de arma única de una mano sin identificar	유니크 미감정 한손 무기 선택 상자				
INTL_20181111_000263	Caja de armadura superior única sin identificar	유니크 미감정 상의 선택 상자				
INTL_20181111_000264	Caja de armadura inferior única sin identificar	유니크 미감정 하의 선택 상자				
INTL_20181111_000265	Caja de guantes únicos sin identificar	유니크 미감정 장갑 선택 상자				
INTL_20181111_000266	Caja de botas únicas sin identificar	유니크 미감정 신발 선택 상자				
INTL_20181111_000267	Función que recopila datos de rastreo cuando los FPS del ZoneServer caen por debajo de 2 fotogramas.	ZoneServer의 FPS가 2프레임 이하일때 트레이싱 정보를 수집하는 기능				
INTL_20181116_000268	Título otorgado a los ganadores del evento de diseño de armas de TOS. Haz clic derecho para usarlo.	TOS Weapon Designer 수상자에게 지급되는 칭호입니다. 마우스 오른쪽 클릭으로 사용합니다.				
INTL_20181116_000269	Dispositivo de procesamiento de Talt	탈트 가공 장치				
INTL_20181211_000270	Úsalo para recibir un objeto de armadura Primus de nivel 380 al azar.	사용 시 380레벨 프리머스 방어구 아이템 중 한가지 아이템이 랜덤으로 지급됩니다.				
INTL_20181211_000271	Úsalo para recibir un arma o subarma Primus de nivel 380 al azar.	사용 시 380레벨 프리머스 무기/보조무기 아이템 중 한가지 아이템이 랜덤으로 지급됩니다.				
INTL_20181229_000272	Cofre del tesoro de Leticia 2018 (temporada 4)	2018 레티샤의 보물 상자(시즌4)				
INTL_20190102_000273	{@st66b}Colección	{@st66b}컬렉션				
